Flat Size,Location,Builder's Rating,Area Type,Neighborhood Tier,Crime Rate,Floor Number,Age of Property,Nearby Amenities,Green Cover,Market Demand,Security Features,RERA-Approved,Urban Integration Index,Flat Price (in Lakhs)
3BHK,Hyderabad,B,Commercial,Affordable,High,15,26,Medium,0.83,1.22,Advanced,1,0.7,194.9
2BHK,Delhi,C,Residential,Affordable,Medium,20,7,Medium,0.44,0.91,Basic,1,0.63,88.86
3BHK,Kolkata,C,Residential,High-End,Low,12,12,High,0.64,0.91,Basic,0,0.76,130.27
3BHK,Bangalore,C,Residential,Affordable,Medium,15,40,Medium,0.17,0.94,Advanced,0,0.75,95.77
2BHK,Hyderabad,C,Residential,Affordable,High,2,34,High,0.82,1.18,Advanced,1,0.8,97.08
3BHK,Kolkata,C,Residential,Affordable,Low,1,27,Medium,0.84,0.95,Basic,1,0.49,67.9
3BHK,Bangalore,C,Residential,Affordable,Low,12,28,Medium,0.82,1.43,Premium,1,0.71,173.22
2BHK,Kolkata,D,Residential,Mid-Range,Medium,10,19,High,0.6,0.81,Premium,1,0.21,59.77
1BHK,Bangalore,C,Commercial,Mid-Range,Low,4,29,Medium,0.56,1.25,Premium,0,0.35,123.4
1BHK,Delhi,D,Residential,Mid-Range,Medium,16,2,Medium,0.78,0.99,Basic,1,0.37,89.11
2BHK,Bangalore,D,Residential,High-End,Medium,10,26,High,0.5,1.13,Premium,0,0.48,170.6
3BHK,Hyderabad,C,Residential,Affordable,Low,19,34,Medium,0.53,1.3,Basic,1,0.26,144.15
2BHK,Mumbai,A,Industrial,High-End,Medium,17,42,High,0.83,0.96,Advanced,1,0.66,286.79
3BHK,Kolkata,C,Residential,High-End,Medium,20,50,Medium,0.64,1.17,Advanced,0,0.85,162.92
1BHK,Delhi,A,Industrial,Affordable,Low,14,8,Medium,0.24,1.26,Basic,1,0.89,92.0
1BHK,Mumbai,B,Residential,High-End,Medium,14,46,Low,0.44,0.98,Advanced,1,0.56,175.71
1BHK,Hyderabad,C,Residential,Mid-Range,Medium,2,44,Medium,0.4,1.48,Basic,1,0.43,105.16
1BHK,Bangalore,A,Industrial,High-End,Medium,10,11,Medium,0.32,0.89,Basic,1,0.37,106.57
1BHK,Chennai,C,Residential,Affordable,Medium,11,37,Low,0.54,1.37,Basic,1,0.78,64.06
3BHK,Kolkata,C,Residential,Mid-Range,Medium,18,4,Medium,0.52,1.21,Premium,1,0.25,119.34
2BHK,Kolkata,D,Residential,Affordable,Medium,10,22,High,0.6,1.38,Basic,1,0.79,72.05
3BHK,Chennai,B,Residential,Mid-Range,Medium,13,32,Medium,0.9,1.2,Basic,0,0.86,200.56
4BHK,Bangalore,D,Residential,Mid-Range,Medium,8,23,Medium,0.72,1.12,Basic,0,0.89,282.07
1BHK,Chennai,B,Residential,Affordable,Low,14,37,Medium,0.18,1.39,Basic,1,0.72,71.96
3BHK,Bangalore,D,Residential,Affordable,Medium,16,2,Low,0.6,1.02,Basic,1,0.24,102.05
1BHK,Delhi,B,Residential,Affordable,Medium,3,27,Medium,0.32,1.18,Advanced,1,0.31,94.76
2BHK,Bangalore,B,Residential,Affordable,Low,20,1,Low,0.24,1.39,Basic,1,0.24,145.5
2BHK,Delhi,B,Residential,Affordable,Low,13,19,High,0.36,1.05,Premium,1,0.64,126.81
2BHK,Chennai,C,Residential,Mid-Range,Medium,18,23,Medium,0.63,0.92,Premium,1,0.81,96.87
2BHK,Delhi,C,Commercial,High-End,Medium,20,29,Low,0.12,1.05,Basic,1,0.67,232.95
3BHK,Bangalore,B,Commercial,Mid-Range,Low,14,26,Medium,0.67,0.87,Basic,1,0.35,209.15
2BHK,Bangalore,D,Residential,Mid-Range,High,11,39,Low,0.83,1.43,Advanced,1,0.26,165.19
4BHK,Mumbai,C,Commercial,Mid-Range,High,8,23,Medium,0.73,1.36,Basic,1,0.26,521.77
2BHK,Chennai,B,Industrial,Mid-Range,Medium,10,14,Medium,0.77,1.47,Premium,0,0.48,131.38
2BHK,Mumbai,D,Industrial,Mid-Range,Medium,16,13,Medium,0.53,1.46,Basic,1,0.6,172.91
2BHK,Chennai,B,Industrial,Mid-Range,Low,4,12,Medium,0.61,1.13,Premium,1,0.26,101.17
3BHK,Bangalore,A,Residential,High-End,High,19,23,Low,0.24,0.82,Basic,1,0.39,241.54
1BHK,Hyderabad,C,Residential,Affordable,Medium,12,8,High,0.9,1.14,Advanced,1,0.75,62.46
1BHK,Bangalore,D,Residential,Mid-Range,Low,14,39,High,0.64,0.93,Basic,1,0.64,69.01
2BHK,Bangalore,C,Commercial,Affordable,Medium,20,44,Medium,0.52,1.36,Basic,1,0.72,144.57
1BHK,Mumbai,A,Residential,Affordable,Low,3,48,Low,0.41,1.08,Premium,0,0.55,111.37
2BHK,Kolkata,C,Residential,Mid-Range,Low,2,44,Medium,0.71,1.31,Basic,1,0.56,107.33
3BHK,Hyderabad,B,Residential,Affordable,Medium,14,27,Medium,0.38,1.31,Premium,0,0.55,169.67
2BHK,Bangalore,A,Residential,High-End,Medium,5,21,Medium,0.54,1.17,Premium,0,0.28,276.27
1BHK,Chennai,A,Commercial,High-End,High,19,36,High,0.73,1.34,Basic,1,0.49,231.07
1BHK,Kolkata,A,Commercial,High-End,Medium,7,47,Low,0.67,1.37,Basic,0,0.65,182.01
1BHK,Delhi,A,Residential,High-End,Low,14,27,Low,0.44,1.34,Basic,0,0.9,240.38
1BHK,Mumbai,C,Industrial,Mid-Range,Low,4,12,Low,0.36,1.36,Basic,1,0.89,105.04
2BHK,Kolkata,C,Commercial,Mid-Range,Low,5,40,High,0.13,1.1,Premium,0,0.68,94.08
3BHK,Kolkata,B,Residential,High-End,Medium,1,33,High,0.55,1.05,Basic,1,0.29,173.22
2BHK,Mumbai,A,Residential,Affordable,Medium,3,4,Low,0.11,1.38,Advanced,1,0.55,192.77
3BHK,Mumbai,A,Commercial,Affordable,High,9,26,High,0.2,1.26,Basic,0,0.61,269.15
4BHK,Bangalore,B,Residential,Affordable,Medium,2,1,Medium,0.19,0.85,Basic,1,0.69,174.92
2BHK,Hyderabad,B,Residential,Mid-Range,High,9,6,Low,0.28,1.45,Basic,1,0.24,184.1
1BHK,Mumbai,B,Residential,Affordable,Medium,17,18,Medium,0.27,1.46,Advanced,0,0.65,116.81
2BHK,Mumbai,C,Residential,Affordable,High,7,24,Low,0.86,0.86,Advanced,0,0.24,104.27
4BHK,Hyderabad,B,Residential,Mid-Range,High,6,45,Low,0.32,1.14,Basic,1,0.75,297.27
1BHK,Mumbai,C,Residential,Affordable,Low,13,34,Medium,0.64,0.83,Advanced,0,0.36,57.53
4BHK,Delhi,C,Commercial,High-End,Medium,8,35,Medium,0.83,1.1,Basic,1,0.88,596.28
3BHK,Bangalore,A,Industrial,Affordable,Medium,16,17,Low,0.64,1.01,Premium,1,0.43,151.29
1BHK,Hyderabad,C,Residential,Affordable,Medium,7,22,Low,0.41,0.99,Basic,1,0.82,48.58
4BHK,Bangalore,B,Residential,High-End,Medium,16,5,Medium,0.56,1.26,Basic,1,0.73,538.3
3BHK,Chennai,C,Industrial,Mid-Range,High,20,9,Medium,0.87,1.37,Basic,0,0.74,158.98
2BHK,Chennai,B,Residential,Affordable,High,2,24,Low,0.68,1.04,Premium,0,0.48,93.34
1BHK,Chennai,A,Residential,Affordable,High,6,13,Low,0.43,1.2,Basic,0,0.72,75.27
3BHK,Bangalore,C,Residential,Mid-Range,Low,19,41,Medium,0.9,1.11,Advanced,0,0.41,201.81
2BHK,Kolkata,C,Residential,Mid-Range,Medium,2,44,High,0.26,1.4,Premium,0,0.2,108.6
3BHK,Bangalore,D,Commercial,Affordable,High,14,36,Medium,0.62,1.04,Basic,0,0.86,145.09
2BHK,Chennai,B,Residential,High-End,Medium,1,31,Medium,0.59,1.04,Basic,0,0.79,163.82
2BHK,Chennai,D,Residential,Mid-Range,Medium,1,13,Medium,0.51,1.07,Advanced,1,0.51,93.12
1BHK,Bangalore,C,Industrial,Mid-Range,Low,8,9,Medium,0.86,1.14,Basic,0,0.67,76.84
3BHK,Hyderabad,D,Residential,Mid-Range,Low,13,11,Medium,0.65,0.94,Advanced,0,0.31,121.12
2BHK,Kolkata,B,Residential,Affordable,Low,17,42,Medium,0.74,1.14,Basic,1,0.21,84.96
1BHK,Delhi,C,Commercial,Mid-Range,Medium,2,31,Low,0.57,0.83,Advanced,1,0.3,103.2
3BHK,Bangalore,B,Residential,High-End,Medium,14,40,Low,0.23,1.26,Basic,0,0.26,340.56
2BHK,Mumbai,C,Residential,Affordable,Low,19,1,Medium,0.42,1.09,Premium,0,0.84,109.63
3BHK,Chennai,C,Commercial,Affordable,Medium,9,50,Low,0.42,1.1,Advanced,1,0.43,119.31
3BHK,Kolkata,C,Industrial,Affordable,Medium,7,39,Medium,0.89,1.47,Premium,1,0.53,88.92
3BHK,Hyderabad,C,Residential,Mid-Range,Medium,20,39,Low,0.29,1.17,Premium,0,0.25,171.68
3BHK,Kolkata,C,Residential,Affordable,High,4,1,Medium,0.73,1.43,Advanced,0,0.55,115.25
3BHK,Hyderabad,A,Residential,High-End,High,1,6,Medium,0.68,1.18,Advanced,1,0.75,362.77
3BHK,Delhi,D,Commercial,Mid-Range,Low,9,11,Medium,0.52,0.84,Basic,1,0.22,165.09
1BHK,Bangalore,D,Commercial,Affordable,Low,3,28,High,0.13,1.45,Premium,1,0.47,85.17
3BHK,Delhi,A,Residential,High-End,Low,14,21,Medium,0.54,1.06,Advanced,0,0.72,389.3
3BHK,Hyderabad,B,Industrial,Mid-Range,High,5,16,Low,0.81,1.05,Premium,0,0.33,176.57
2BHK,Kolkata,C,Residential,Mid-Range,Medium,16,37,Medium,0.17,0.97,Advanced,1,0.22,67.72
3BHK,Mumbai,A,Residential,High-End,Low,11,26,Medium,0.17,1.3,Basic,1,0.39,469.05
1BHK,Mumbai,B,Residential,Mid-Range,High,2,25,Medium,0.51,1.04,Basic,1,0.8,144.63
1BHK,Delhi,B,Commercial,Mid-Range,High,13,36,Low,0.76,1.4,Basic,1,0.49,218.29
2BHK,Kolkata,C,Commercial,Mid-Range,Medium,14,45,Medium,0.63,0.84,Premium,0,0.76,84.56
1BHK,Delhi,C,Residential,Affordable,High,5,15,Medium,0.81,1.47,Basic,1,0.43,103.91
3BHK,Hyderabad,C,Residential,Affordable,Medium,15,44,High,0.84,1.34,Basic,0,0.8,156.38
3BHK,Mumbai,A,Residential,Affordable,Low,19,39,Medium,0.22,1.33,Basic,1,0.31,255.53
2BHK,Chennai,C,Residential,Affordable,Medium,9,6,Medium,0.58,0.87,Basic,1,0.77,56.25
2BHK,Bangalore,A,Residential,Mid-Range,Medium,14,21,Medium,0.7,1.13,Premium,0,0.86,226.25
2BHK,Mumbai,C,Residential,Affordable,Medium,14,28,Low,0.77,1.43,Premium,0,0.39,182.77
4BHK,Hyderabad,B,Residential,Affordable,Low,4,1,High,0.44,0.9,Advanced,0,0.41,148.69
3BHK,Mumbai,A,Commercial,Mid-Range,High,6,45,Low,0.85,0.9,Basic,1,0.62,354.95
2BHK,Bangalore,B,Residential,High-End,Medium,17,43,Low,0.53,1.47,Advanced,1,0.35,297.63
3BHK,Kolkata,C,Commercial,High-End,Medium,2,35,Low,0.63,1.11,Basic,1,0.55,199.96
4BHK,Hyderabad,B,Residential,Mid-Range,High,17,21,Medium,0.51,0.92,Premium,1,0.41,261.65
2BHK,Delhi,C,Residential,High-End,Medium,16,19,Low,0.82,1.32,Advanced,1,0.33,297.82
1BHK,Bangalore,D,Residential,Mid-Range,Medium,15,7,High,0.69,0.81,Advanced,0,0.25,66.64
4BHK,Mumbai,C,Residential,Affordable,Low,17,18,Medium,0.52,1.49,Advanced,0,0.75,295.63
2BHK,Bangalore,C,Residential,Affordable,Medium,9,28,Low,0.16,0.94,Basic,1,0.36,67.06
1BHK,Kolkata,D,Residential,High-End,Low,4,15,Medium,0.59,1.29,Advanced,0,0.28,85.63
3BHK,Bangalore,D,Industrial,High-End,High,2,44,Low,0.45,1.35,Basic,1,0.28,198.86
4BHK,Bangalore,C,Commercial,Mid-Range,Medium,10,1,Low,0.14,1.36,Basic,0,0.83,337.18
2BHK,Mumbai,C,Commercial,Affordable,High,14,5,Medium,0.38,0.83,Basic,0,0.45,98.3
4BHK,Hyderabad,C,Residential,Affordable,Medium,1,38,Medium,0.37,1.19,Basic,1,0.7,165.65
3BHK,Chennai,B,Residential,High-End,Medium,12,17,Medium,0.16,1.34,Basic,1,0.3,245.9
3BHK,Chennai,C,Commercial,Affordable,High,5,20,Medium,0.66,1.4,Premium,0,0.21,143.63
4BHK,Delhi,A,Industrial,Mid-Range,Low,18,33,Low,0.65,1.15,Advanced,1,0.27,363.73
4BHK,Hyderabad,B,Residential,Mid-Range,High,17,41,Low,0.44,1.17,Advanced,0,0.84,306.98
2BHK,Mumbai,C,Residential,Affordable,High,19,42,Low,0.68,1.25,Advanced,0,0.31,149.18
3BHK,Mumbai,A,Residential,Affordable,Medium,15,49,Low,0.84,1.48,Basic,1,0.8,337.76
2BHK,Delhi,A,Residential,Affordable,Medium,12,33,High,0.58,1.15,Basic,1,0.62,157.01
2BHK,Kolkata,C,Commercial,Affordable,Low,5,42,Medium,0.38,1.03,Premium,0,0.65,60.89
2BHK,Kolkata,B,Residential,Affordable,Medium,2,25,High,0.53,0.96,Advanced,1,0.67,58.84
3BHK,Kolkata,C,Residential,Affordable,Medium,1,14,Low,0.16,1.41,Advanced,0,0.21,91.65
2BHK,Mumbai,B,Residential,Affordable,Medium,5,47,Medium,0.28,1.06,Premium,1,0.82,131.06
2BHK,Kolkata,B,Residential,High-End,High,18,12,High,0.54,0.87,Basic,1,0.66,117.76
2BHK,Mumbai,D,Residential,Affordable,Low,16,5,High,0.53,1.06,Basic,1,0.32,93.23
3BHK,Hyderabad,B,Residential,Mid-Range,Medium,2,5,Medium,0.51,1.31,Premium,1,0.51,237.79
3BHK,Mumbai,B,Residential,High-End,Medium,15,21,Low,0.27,1.43,Advanced,1,0.27,506.3
3BHK,Hyderabad,D,Industrial,Affordable,Low,15,29,Medium,0.72,1.4,Premium,1,0.7,109.88
2BHK,Bangalore,B,Residential,Mid-Range,Medium,7,8,Medium,0.36,1.09,Basic,0,0.69,162.63
3BHK,Hyderabad,D,Residential,Mid-Range,Low,4,19,Medium,0.4,1.04,Basic,0,0.71,123.02
3BHK,Delhi,C,Industrial,Affordable,Low,9,22,High,0.19,0.83,Premium,1,0.31,85.04
1BHK,Chennai,D,Residential,Affordable,High,14,3,High,0.28,1.09,Basic,1,0.39,39.5
1BHK,Bangalore,C,Residential,Mid-Range,Low,1,35,Low,0.64,1.22,Basic,0,0.44,109.62
1BHK,Mumbai,B,Residential,Affordable,Low,20,25,Low,0.88,1.17,Basic,0,0.28,118.2
3BHK,Hyderabad,B,Residential,Affordable,Low,7,15,Medium,0.43,0.98,Premium,1,0.38,108.61
2BHK,Chennai,C,Residential,Mid-Range,Medium,9,45,Low,0.83,1.06,Advanced,1,0.5,106.21
2BHK,Chennai,C,Residential,Affordable,Medium,12,48,Medium,0.48,1.23,Basic,0,0.75,72.5
3BHK,Mumbai,B,Residential,Affordable,Low,8,7,Low,0.68,1.27,Premium,0,0.41,246.89
2BHK,Delhi,B,Industrial,Mid-Range,Medium,4,4,Low,0.56,1.49,Basic,0,0.64,215.06
2BHK,Mumbai,D,Residential,Affordable,Medium,4,5,Medium,0.16,0.83,Advanced,1,0.79,72.03
2BHK,Chennai,B,Residential,Affordable,Low,9,47,High,0.47,0.94,Basic,1,0.35,75.41
3BHK,Kolkata,A,Commercial,Mid-Range,Medium,17,18,Medium,0.7,1.49,Premium,1,0.47,255.65
2BHK,Bangalore,C,Residential,Affordable,Medium,1,34,High,0.38,0.84,Basic,1,0.27,73.09
3BHK,Kolkata,C,Residential,Affordable,Medium,3,25,Medium,0.48,1.33,Basic,1,0.59,90.4
3BHK,Chennai,C,Residential,Affordable,Low,4,49,Low,0.83,0.81,Basic,1,0.77,80.74
3BHK,Chennai,B,Residential,Mid-Range,High,4,1,Low,0.11,1.11,Advanced,1,0.31,153.54
2BHK,Mumbai,D,Residential,Affordable,Medium,15,41,Medium,0.8,0.84,Advanced,1,0.82,88.19
1BHK,Chennai,B,Residential,Mid-Range,Low,17,5,Medium,0.33,1.46,Premium,1,0.24,114.03
3BHK,Kolkata,B,Residential,Affordable,Medium,3,18,High,0.72,1.46,Basic,1,0.82,145.22
3BHK,Chennai,C,Industrial,Mid-Range,Medium,11,8,Low,0.15,1.43,Basic,1,0.4,122.99
4BHK,Delhi,B,Residential,Mid-Range,Low,11,46,Low,0.71,0.85,Basic,1,0.86,279.46
1BHK,Bangalore,B,Residential,Affordable,Medium,16,6,Low,0.83,1.23,Advanced,1,0.47,89.22
3BHK,Bangalore,C,Residential,Affordable,Low,13,13,Low,0.19,1.13,Premium,0,0.22,129.31
2BHK,Bangalore,C,Residential,Affordable,Low,4,11,Medium,0.11,1.37,Premium,1,0.4,110.39
4BHK,Chennai,C,Residential,High-End,Medium,20,43,Low,0.54,1.08,Premium,1,0.66,295.85
2BHK,Hyderabad,C,Commercial,Mid-Range,Low,13,43,Medium,0.41,1.11,Advanced,0,0.88,150.23
4BHK,Hyderabad,B,Residential,Mid-Range,Low,18,33,Medium,0.16,1.32,Advanced,0,0.51,292.33
2BHK,Hyderabad,B,Commercial,Mid-Range,Medium,15,40,High,0.11,0.95,Premium,1,0.44,147.0
3BHK,Mumbai,B,Commercial,Mid-Range,Low,6,47,High,0.14,1.4,Advanced,0,0.89,403.68
3BHK,Kolkata,B,Industrial,High-End,Medium,13,12,Medium,0.68,1.36,Basic,1,0.44,208.19
1BHK,Delhi,A,Residential,Affordable,Low,16,20,Low,0.3,1.44,Basic,1,0.5,140.46
1BHK,Hyderabad,A,Commercial,Mid-Range,Medium,7,18,High,0.13,1.38,Basic,0,0.27,145.39
2BHK,Chennai,C,Industrial,Mid-Range,Medium,18,44,Medium,0.28,1.45,Basic,1,0.41,100.86
2BHK,Hyderabad,B,Residential,Affordable,High,6,44,Medium,0.9,1.22,Premium,0,0.66,129.52
3BHK,Bangalore,B,Commercial,Mid-Range,High,19,20,Medium,0.81,1.45,Basic,1,0.34,413.67
2BHK,Delhi,D,Residential,Affordable,High,19,16,Medium,0.58,1.43,Premium,1,0.26,136.16
3BHK,Chennai,B,Residential,Mid-Range,Low,19,36,Low,0.18,1.45,Premium,0,0.4,215.86
4BHK,Mumbai,D,Residential,Affordable,Medium,6,30,Medium,0.16,1.12,Basic,1,0.29,202.08
3BHK,Chennai,D,Commercial,Affordable,Medium,13,46,Medium,0.43,1.35,Basic,0,0.36,134.75
3BHK,Chennai,B,Commercial,Mid-Range,Low,1,36,Low,0.87,1.2,Advanced,0,0.62,243.64
2BHK,Chennai,B,Commercial,Mid-Range,Medium,2,50,Medium,0.82,1.0,Advanced,1,0.58,142.0
2BHK,Mumbai,D,Residential,Affordable,Medium,18,44,Low,0.13,0.97,Basic,1,0.32,87.48
3BHK,Bangalore,C,Commercial,Mid-Range,High,4,25,Medium,0.15,1.3,Premium,0,0.48,227.73
1BHK,Hyderabad,B,Residential,High-End,Low,15,4,Medium,0.22,1.05,Advanced,0,0.56,131.08
3BHK,Bangalore,B,Residential,Affordable,Low,10,43,Low,0.47,0.97,Basic,1,0.88,140.82
1BHK,Mumbai,C,Residential,Affordable,Medium,1,25,High,0.13,1.33,Basic,1,0.83,94.58
1BHK,Hyderabad,B,Industrial,Mid-Range,High,19,48,Medium,0.88,1.31,Basic,1,0.63,93.64
3BHK,Kolkata,B,Residential,High-End,High,17,22,High,0.5,1.25,Basic,1,0.6,242.65
2BHK,Chennai,B,Residential,Affordable,High,11,5,Medium,0.66,0.93,Premium,0,0.37,84.75
3BHK,Delhi,C,Residential,Affordable,High,19,3,High,0.33,0.91,Advanced,1,0.45,106.14
3BHK,Bangalore,B,Residential,Mid-Range,Medium,15,44,Medium,0.42,1.37,Advanced,0,0.75,261.79
4BHK,Delhi,B,Residential,High-End,Low,4,36,Medium,0.67,1.34,Premium,1,0.27,691.57
3BHK,Mumbai,B,Residential,Mid-Range,Medium,14,30,Medium,0.25,1.06,Premium,1,0.33,230.22
3BHK,Hyderabad,A,Residential,Mid-Range,High,17,26,Medium,0.89,0.86,Basic,1,0.23,196.5
4BHK,Hyderabad,B,Commercial,Mid-Range,Low,5,6,Medium,0.37,1.34,Advanced,0,0.75,379.74
3BHK,Chennai,A,Residential,Affordable,Low,1,49,Medium,0.33,1.27,Basic,1,0.62,147.9
1BHK,Kolkata,C,Residential,Affordable,High,14,13,Medium,0.15,1.35,Advanced,0,0.29,46.14
2BHK,Bangalore,C,Residential,High-End,Medium,6,9,Medium,0.55,0.98,Advanced,1,0.36,167.58
3BHK,Bangalore,C,Commercial,High-End,Medium,9,16,Medium,0.23,0.93,Advanced,1,0.51,262.73
2BHK,Bangalore,B,Residential,Mid-Range,Low,15,9,Medium,0.27,1.01,Basic,1,0.83,145.38
1BHK,Hyderabad,D,Residential,Affordable,Medium,7,25,Medium,0.77,1.12,Advanced,0,0.68,54.5
2BHK,Delhi,A,Residential,Affordable,High,7,27,Medium,0.14,1.4,Basic,0,0.67,168.06
2BHK,Chennai,D,Residential,Affordable,High,8,47,Medium,0.71,1.27,Advanced,1,0.77,78.87
3BHK,Kolkata,B,Commercial,Affordable,Medium,3,19,High,0.77,1.25,Premium,0,0.76,153.37
3BHK,Chennai,B,Residential,Affordable,Low,7,2,Low,0.73,0.84,Premium,1,0.31,99.94
2BHK,Hyderabad,C,Commercial,High-End,High,3,12,High,0.12,1.46,Basic,1,0.35,227.08
1BHK,Chennai,C,Residential,Mid-Range,Low,12,35,Medium,0.24,1.43,Basic,1,0.82,89.64
1BHK,Bangalore,C,Commercial,High-End,Low,17,10,High,0.59,0.9,Premium,1,0.26,139.42
4BHK,Bangalore,A,Residential,Mid-Range,Low,18,49,Low,0.4,1.07,Advanced,1,0.6,358.71
2BHK,Bangalore,B,Residential,Mid-Range,Medium,7,3,Medium,0.47,1.41,Basic,1,0.62,215.36
4BHK,Bangalore,C,Industrial,Mid-Range,Low,11,47,Medium,0.82,1.17,Advanced,1,0.74,266.26
3BHK,Delhi,C,Commercial,Mid-Range,High,4,35,Low,0.27,1.12,Premium,0,0.23,234.77
1BHK,Mumbai,D,Industrial,Mid-Range,Low,3,9,Medium,0.56,1.22,Basic,0,0.33,88.0
3BHK,Kolkata,B,Residential,Affordable,High,10,14,Medium,0.22,1.38,Advanced,1,0.73,122.51
2BHK,Delhi,B,Commercial,High-End,Medium,1,12,Medium,0.53,1.09,Premium,1,0.23,299.12
2BHK,Chennai,C,Residential,Mid-Range,High,1,25,Low,0.56,1.19,Basic,1,0.6,102.05
2BHK,Mumbai,D,Residential,Affordable,Medium,7,14,High,0.61,1.37,Basic,1,0.27,128.44
3BHK,Kolkata,C,Residential,Mid-Range,High,5,40,Low,0.39,1.49,Premium,0,0.75,153.12
3BHK,Bangalore,B,Residential,High-End,Medium,11,45,Medium,0.43,1.26,Premium,1,0.27,318.61
3BHK,Bangalore,B,Residential,Affordable,Medium,19,44,High,0.6,0.84,Advanced,1,0.35,112.12
2BHK,Bangalore,D,Residential,Mid-Range,Medium,11,50,Low,0.69,1.31,Basic,1,0.28,141.64
3BHK,Kolkata,D,Residential,Mid-Range,Low,1,18,Low,0.57,1.02,Basic,1,0.83,95.58
4BHK,Bangalore,C,Commercial,Mid-Range,Low,11,25,Medium,0.64,1.4,Basic,1,0.46,397.94
2BHK,Kolkata,C,Industrial,Mid-Range,Low,11,25,Low,0.16,1.06,Advanced,1,0.8,57.01
3BHK,Hyderabad,B,Residential,Affordable,Low,16,48,Medium,0.59,1.08,Premium,1,0.76,148.16
2BHK,Delhi,B,Residential,Affordable,Medium,16,49,Low,0.66,1.46,Advanced,1,0.82,167.79
4BHK,Hyderabad,A,Residential,Affordable,Low,2,37,Low,0.89,1.11,Basic,1,0.37,283.16
3BHK,Chennai,B,Residential,Affordable,High,11,23,Medium,0.54,1.37,Basic,1,0.61,153.7
3BHK,Delhi,D,Residential,Mid-Range,Medium,11,11,Low,0.3,0.81,Advanced,1,0.82,131.67
2BHK,Bangalore,D,Residential,Affordable,Medium,20,43,Low,0.84,1.35,Advanced,1,0.52,106.38
3BHK,Bangalore,D,Residential,High-End,High,7,24,Medium,0.68,0.86,Premium,0,0.3,174.04
2BHK,Hyderabad,D,Residential,Mid-Range,High,8,6,Medium,0.57,1.3,Premium,0,0.32,139.58
2BHK,Hyderabad,A,Residential,Affordable,Low,18,23,High,0.44,1.02,Basic,0,0.62,119.88
3BHK,Bangalore,C,Residential,Mid-Range,Medium,7,43,High,0.39,1.17,Basic,0,0.2,179.54
3BHK,Bangalore,C,Residential,Mid-Range,High,16,7,Low,0.31,0.89,Basic,1,0.58,148.21
3BHK,Chennai,D,Residential,Affordable,Low,14,36,Low,0.69,1.11,Basic,1,0.52,85.15
3BHK,Delhi,B,Residential,Mid-Range,High,20,10,High,0.11,1.21,Basic,1,0.68,242.08
3BHK,Mumbai,B,Residential,High-End,Medium,9,23,Medium,0.48,1.03,Basic,0,0.6,358.25
2BHK,Hyderabad,C,Industrial,Affordable,Medium,18,43,Medium,0.21,1.4,Basic,0,0.55,76.47
3BHK,Mumbai,B,Residential,High-End,Low,19,30,High,0.83,1.33,Basic,1,0.47,505.17
2BHK,Mumbai,A,Residential,Affordable,High,16,2,Medium,0.2,0.83,Premium,1,0.65,109.75
2BHK,Mumbai,A,Residential,Affordable,Low,13,8,Low,0.77,0.89,Advanced,1,0.73,159.32
3BHK,Delhi,A,Commercial,Affordable,High,14,14,Medium,0.51,1.15,Premium,1,0.32,246.74
4BHK,Delhi,D,Industrial,Affordable,Medium,2,11,Low,0.35,0.83,Premium,1,0.88,109.85
3BHK,Hyderabad,B,Residential,Affordable,Low,1,7,Medium,0.13,0.94,Basic,0,0.47,112.34
3BHK,Bangalore,D,Residential,Affordable,Medium,5,22,Low,0.37,1.32,Advanced,1,0.54,119.25
1BHK,Hyderabad,D,Residential,Mid-Range,Low,5,29,High,0.24,1.07,Premium,1,0.59,59.89
4BHK,Bangalore,C,Residential,Affordable,Low,4,26,Low,0.85,1.35,Advanced,0,0.85,235.06
2BHK,Kolkata,C,Residential,Mid-Range,Medium,17,4,Medium,0.43,1.5,Basic,0,0.69,105.1
2BHK,Bangalore,B,Residential,High-End,Medium,11,35,High,0.21,1.45,Premium,1,0.84,279.38
3BHK,Kolkata,A,Industrial,High-End,Medium,5,41,High,0.62,1.08,Basic,0,0.33,184.75
1BHK,Mumbai,C,Residential,High-End,High,7,45,Medium,0.39,1.15,Basic,1,0.48,150.82
4BHK,Mumbai,D,Residential,Mid-Range,Low,18,5,High,0.19,1.07,Basic,1,0.34,272.56
1BHK,Hyderabad,C,Residential,Affordable,Low,4,23,High,0.8,1.1,Basic,1,0.4,60.14
1BHK,Chennai,C,Residential,Affordable,Medium,16,42,Low,0.58,1.22,Advanced,1,0.5,49.53
3BHK,Mumbai,C,Residential,Affordable,High,8,46,High,0.27,0.85,Premium,0,0.45,113.98
2BHK,Bangalore,A,Residential,High-End,Medium,14,5,High,0.83,1.31,Basic,1,0.78,350.55
2BHK,Bangalore,C,Residential,Mid-Range,High,20,8,Low,0.54,0.96,Advanced,1,0.29,110.98
2BHK,Delhi,B,Residential,High-End,Medium,10,1,Medium,0.34,1.25,Basic,1,0.3,300.44
3BHK,Bangalore,C,Residential,Mid-Range,Medium,11,27,Medium,0.81,0.86,Advanced,1,0.53,146.35
2BHK,Mumbai,D,Residential,Affordable,Medium,18,8,Medium,0.67,1.49,Premium,0,0.54,147.81
1BHK,Bangalore,C,Commercial,High-End,Medium,16,32,Medium,0.25,1.32,Basic,0,0.34,174.59
1BHK,Bangalore,C,Residential,Affordable,Low,1,27,Medium,0.17,1.49,Premium,1,0.51,72.91
2BHK,Delhi,C,Residential,Affordable,Low,4,32,Medium,0.3,1.46,Basic,1,0.81,124.62
3BHK,Kolkata,D,Residential,Affordable,High,18,2,Low,0.64,1.45,Advanced,1,0.28,96.06
2BHK,Mumbai,A,Commercial,Affordable,Medium,13,22,Medium,0.63,0.94,Basic,1,0.65,176.4
2BHK,Hyderabad,C,Commercial,Mid-Range,Medium,4,17,Low,0.89,1.19,Basic,1,0.87,158.16
3BHK,Hyderabad,D,Commercial,Affordable,Medium,3,45,Medium,0.32,0.94,Basic,1,0.37,102.92
1BHK,Delhi,B,Residential,Mid-Range,Low,10,15,High,0.12,1.28,Premium,1,0.68,123.36
2BHK,Mumbai,C,Commercial,Mid-Range,Medium,3,19,Medium,0.21,1.03,Advanced,0,0.27,171.03
1BHK,Delhi,D,Commercial,Affordable,Medium,10,18,Low,0.41,1.39,Advanced,1,0.4,89.21
3BHK,Hyderabad,C,Residential,Affordable,Low,17,8,Medium,0.2,0.83,Premium,1,0.59,81.22
2BHK,Chennai,A,Residential,Mid-Range,Low,16,21,Low,0.59,1.39,Premium,1,0.8,186.06
2BHK,Mumbai,D,Commercial,Mid-Range,Medium,7,4,High,0.4,1.42,Basic,0,0.63,235.29
2BHK,Delhi,D,Residential,Mid-Range,Medium,19,13,Medium,0.37,0.89,Premium,1,0.71,102.28
2BHK,Mumbai,D,Residential,High-End,Low,20,41,Low,0.55,1.5,Basic,1,0.47,272.66
2BHK,Kolkata,D,Commercial,High-End,Medium,9,33,Medium,0.56,1.23,Premium,0,0.86,133.86
3BHK,Delhi,D,Residential,Affordable,Medium,13,22,Medium,0.83,1.18,Premium,0,0.61,145.23
3BHK,Hyderabad,B,Industrial,Affordable,High,19,42,Low,0.57,1.45,Premium,1,0.77,140.83
2BHK,Mumbai,C,Residential,High-End,Medium,12,19,Medium,0.87,1.11,Basic,1,0.26,276.82
2BHK,Bangalore,B,Residential,High-End,Medium,17,41,Medium,0.25,1.33,Basic,1,0.48,239.24
2BHK,Bangalore,D,Residential,Affordable,Medium,12,33,Low,0.27,1.3,Premium,0,0.78,97.2
1BHK,Bangalore,B,Industrial,Mid-Range,Medium,16,4,Medium,0.13,1.0,Basic,1,0.6,71.36
3BHK,Hyderabad,D,Residential,Mid-Range,Low,3,44,High,0.84,1.41,Basic,1,0.78,193.65
2BHK,Mumbai,B,Residential,Mid-Range,Medium,16,48,Medium,0.77,1.29,Premium,0,0.6,264.3
2BHK,Bangalore,C,Residential,Mid-Range,Medium,20,3,High,0.83,1.27,Basic,1,0.46,154.35
2BHK,Kolkata,A,Residential,High-End,Low,11,38,Medium,0.2,1.19,Premium,1,0.65,183.81
1BHK,Chennai,C,Commercial,Affordable,Low,13,39,Medium,0.52,1.18,Basic,1,0.52,58.6
3BHK,Hyderabad,A,Residential,Affordable,Medium,4,7,Medium,0.11,1.16,Advanced,1,0.49,157.52
3BHK,Bangalore,B,Commercial,Affordable,Low,10,20,Medium,0.55,1.35,Advanced,0,0.69,249.48
4BHK,Bangalore,A,Commercial,High-End,Low,5,16,High,0.31,1.13,Basic,1,0.24,616.04
3BHK,Delhi,B,Industrial,Mid-Range,Medium,14,23,Low,0.51,1.4,Basic,1,0.68,263.42
1BHK,Chennai,B,Residential,Mid-Range,High,20,14,Medium,0.49,1.26,Basic,1,0.59,93.58
1BHK,Delhi,B,Commercial,Affordable,Medium,11,31,Low,0.7,0.97,Premium,1,0.82,88.72
2BHK,Hyderabad,C,Commercial,Affordable,Low,16,31,Medium,0.23,0.89,Basic,0,0.65,82.52
2BHK,Delhi,A,Residential,Affordable,High,17,28,Medium,0.83,1.22,Basic,1,0.37,187.77
1BHK,Delhi,D,Commercial,Affordable,Medium,10,12,Medium,0.57,1.36,Premium,0,0.45,97.79
3BHK,Chennai,C,Residential,High-End,Medium,6,13,Medium,0.1,0.97,Basic,1,0.48,156.81
3BHK,Hyderabad,D,Commercial,Mid-Range,Low,17,25,Medium,0.15,0.87,Advanced,1,0.48,110.02
3BHK,Chennai,B,Commercial,High-End,Medium,12,12,High,0.6,0.83,Advanced,1,0.63,221.88
3BHK,Hyderabad,D,Residential,Mid-Range,Medium,18,47,Medium,0.36,0.87,Basic,1,0.61,116.59
1BHK,Kolkata,B,Residential,Affordable,High,4,17,Medium,0.86,0.81,Basic,1,0.61,39.18
1BHK,Mumbai,C,Residential,Mid-Range,Medium,11,37,Medium,0.89,1.2,Premium,1,0.48,123.74
3BHK,Kolkata,C,Residential,High-End,Medium,18,47,Medium,0.77,1.2,Basic,1,0.5,182.87
2BHK,Bangalore,C,Residential,Affordable,Low,6,45,Medium,0.81,1.22,Advanced,0,0.29,123.94
2BHK,Chennai,C,Residential,Affordable,High,18,20,Medium,0.39,1.42,Advanced,1,0.44,97.68
2BHK,Mumbai,C,Residential,Affordable,High,17,36,High,0.43,1.45,Basic,0,0.85,154.98
2BHK,Hyderabad,D,Residential,Mid-Range,Low,16,21,Low,0.64,1.39,Advanced,1,0.62,142.42
3BHK,Hyderabad,C,Residential,Mid-Range,Medium,18,41,High,0.48,1.36,Advanced,0,0.52,182.56
1BHK,Chennai,B,Industrial,Mid-Range,Low,11,6,Medium,0.55,0.98,Premium,1,0.31,65.69
2BHK,Chennai,D,Commercial,Affordable,Medium,5,3,High,0.68,1.34,Basic,1,0.31,98.53
1BHK,Bangalore,D,Residential,Mid-Range,High,15,32,Medium,0.46,1.08,Basic,1,0.49,86.48
3BHK,Kolkata,C,Residential,High-End,Medium,18,22,High,0.67,0.99,Basic,1,0.42,146.28
4BHK,Mumbai,B,Residential,Mid-Range,Medium,14,27,High,0.72,0.91,Advanced,1,0.57,383.77
3BHK,Kolkata,D,Residential,Mid-Range,Low,6,8,Medium,0.77,0.97,Basic,1,0.86,90.61
2BHK,Kolkata,C,Residential,Mid-Range,Medium,11,32,Medium,0.67,0.95,Advanced,1,0.52,82.35
3BHK,Hyderabad,B,Residential,Mid-Range,Medium,5,11,Low,0.45,0.82,Premium,0,0.81,135.46
4BHK,Chennai,B,Residential,Mid-Range,Medium,18,32,Medium,0.17,1.34,Basic,0,0.87,272.09
4BHK,Bangalore,C,Residential,Mid-Range,High,4,8,High,0.59,0.86,Basic,1,0.81,236.35
4BHK,Delhi,C,Residential,Affordable,Medium,10,37,Medium,0.12,1.0,Basic,1,0.34,174.41
3BHK,Hyderabad,B,Residential,High-End,Medium,19,41,Low,0.33,1.28,Basic,1,0.52,278.66
1BHK,Bangalore,D,Residential,Affordable,Low,4,26,Low,0.32,0.95,Premium,1,0.37,47.41
4BHK,Delhi,A,Residential,Affordable,High,4,2,Medium,0.73,1.05,Advanced,1,0.81,337.92
3BHK,Chennai,A,Residential,Mid-Range,Low,11,12,High,0.63,1.4,Basic,1,0.46,273.56
4BHK,Bangalore,D,Residential,Affordable,Medium,2,27,Medium,0.86,1.27,Basic,1,0.44,204.4
2BHK,Chennai,B,Residential,Affordable,Medium,8,8,Medium,0.89,1.32,Basic,1,0.5,104.96
1BHK,Delhi,D,Residential,High-End,Medium,17,19,High,0.7,1.02,Advanced,1,0.57,128.98
2BHK,Delhi,C,Commercial,Affordable,Medium,17,30,Medium,0.56,0.99,Basic,0,0.65,124.57
3BHK,Delhi,C,Residential,Mid-Range,Low,12,47,Medium,0.13,0.8,Advanced,0,0.64,131.37
3BHK,Kolkata,B,Residential,High-End,Medium,18,30,Medium,0.36,1.09,Basic,1,0.67,185.19
1BHK,Kolkata,B,Residential,Affordable,Medium,9,22,Low,0.8,1.24,Advanced,1,0.27,64.3
1BHK,Mumbai,C,Commercial,Affordable,Low,12,20,High,0.83,0.9,Basic,1,0.79,82.76
3BHK,Hyderabad,B,Commercial,Affordable,Medium,11,39,Low,0.68,1.21,Basic,0,0.28,169.98
3BHK,Chennai,D,Commercial,Mid-Range,Low,10,28,Medium,0.6,1.34,Basic,1,0.71,193.9
1BHK,Kolkata,C,Residential,Affordable,Medium,10,21,Low,0.14,0.82,Basic,1,0.83,28.41
3BHK,Mumbai,D,Commercial,Affordable,High,3,28,Low,0.26,1.17,Basic,1,0.5,178.89
3BHK,Delhi,D,Commercial,High-End,Low,19,37,Medium,0.15,0.95,Advanced,1,0.85,259.9
2BHK,Mumbai,C,Commercial,Mid-Range,High,9,38,High,0.33,0.98,Basic,0,0.49,171.75
2BHK,Chennai,D,Commercial,Mid-Range,Medium,15,7,Medium,0.19,0.93,Advanced,0,0.29,93.16
2BHK,Delhi,C,Commercial,Mid-Range,High,13,44,Low,0.33,0.99,Premium,1,0.63,166.55
2BHK,Hyderabad,C,Commercial,Affordable,Low,9,13,Low,0.87,1.3,Basic,1,0.66,133.16
2BHK,Kolkata,D,Commercial,Affordable,Low,20,15,Low,0.59,1.33,Advanced,0,0.89,76.25
4BHK,Chennai,B,Residential,Mid-Range,Medium,4,36,Medium,0.35,1.22,Basic,0,0.72,275.67
2BHK,Mumbai,C,Commercial,Affordable,Medium,11,8,Medium,0.7,0.92,Basic,1,0.38,114.23
1BHK,Chennai,C,Residential,Affordable,High,10,8,Medium,0.41,0.87,Basic,0,0.85,38.11
2BHK,Chennai,B,Commercial,Mid-Range,Medium,8,25,Medium,0.87,1.16,Basic,1,0.86,167.02
2BHK,Kolkata,C,Residential,High-End,High,13,42,Low,0.22,1.15,Premium,0,0.76,118.44
3BHK,Delhi,D,Residential,Affordable,Medium,8,29,Medium,0.26,1.09,Premium,1,0.85,119.66
2BHK,Chennai,B,Residential,Affordable,Medium,6,41,High,0.49,1.48,Premium,1,0.62,110.67
4BHK,Kolkata,D,Residential,High-End,Medium,5,45,Medium,0.77,0.8,Advanced,0,0.47,162.64
2BHK,Chennai,C,Residential,Mid-Range,Low,4,45,Medium,0.7,1.19,Basic,1,0.9,113.78
3BHK,Chennai,A,Residential,Mid-Range,Low,18,46,Medium,0.78,1.17,Premium,1,0.79,211.88
3BHK,Delhi,D,Commercial,Mid-Range,Low,5,15,Medium,0.84,1.11,Advanced,1,0.62,254.99
3BHK,Kolkata,C,Commercial,Mid-Range,Medium,2,28,Low,0.54,1.41,Basic,1,0.47,159.63
3BHK,Bangalore,B,Residential,High-End,High,11,14,Medium,0.76,1.13,Advanced,1,0.84,317.66
2BHK,Delhi,B,Residential,Mid-Range,High,7,10,Low,0.4,0.93,Basic,0,0.46,156.13
2BHK,Delhi,B,Residential,High-End,Medium,5,16,High,0.72,1.04,Basic,0,0.69,252.63
2BHK,Delhi,C,Residential,Affordable,Medium,3,30,Medium,0.5,1.22,Advanced,1,0.23,118.01
3BHK,Delhi,A,Residential,Affordable,Medium,12,29,Low,0.32,1.34,Premium,1,0.63,229.36
3BHK,Chennai,C,Residential,Mid-Range,High,20,10,Low,0.35,1.0,Basic,0,0.36,123.33
2BHK,Kolkata,C,Residential,Mid-Range,Medium,7,36,Medium,0.41,1.36,Advanced,1,0.47,102.4
2BHK,Bangalore,C,Residential,Affordable,Medium,2,23,Medium,0.51,0.81,Basic,1,0.85,73.25
3BHK,Hyderabad,C,Residential,Mid-Range,Medium,14,1,High,0.32,1.15,Basic,1,0.28,145.81
2BHK,Delhi,C,Residential,Mid-Range,Medium,3,33,Low,0.79,1.38,Basic,0,0.23,197.06
2BHK,Chennai,D,Residential,Mid-Range,Medium,13,17,Low,0.8,1.12,Premium,1,0.86,90.65
3BHK,Chennai,C,Residential,Affordable,Low,1,24,Medium,0.68,1.2,Basic,1,0.65,111.26
3BHK,Chennai,C,Residential,Mid-Range,Medium,19,24,Low,0.14,1.24,Advanced,0,0.38,150.71
4BHK,Delhi,A,Residential,High-End,Low,2,7,Medium,0.65,0.88,Advanced,0,0.42,468.84
2BHK,Delhi,C,Industrial,Mid-Range,Medium,11,4,Low,0.21,1.1,Basic,0,0.54,104.01
3BHK,Bangalore,B,Residential,Mid-Range,Low,2,22,Low,0.11,0.85,Advanced,1,0.52,150.22
3BHK,Bangalore,B,Commercial,Affordable,Medium,20,33,Medium,0.51,1.12,Basic,0,0.67,195.97
4BHK,Bangalore,D,Residential,High-End,Medium,11,48,Low,0.63,1.23,Basic,1,0.28,386.16
2BHK,Kolkata,B,Residential,Mid-Range,Low,12,47,High,0.25,1.4,Premium,0,0.38,118.13
1BHK,Mumbai,C,Commercial,Mid-Range,Medium,19,41,High,0.66,1.5,Basic,0,0.58,192.76
4BHK,Kolkata,B,Commercial,High-End,High,13,4,Medium,0.21,1.26,Premium,0,0.85,356.42
2BHK,Mumbai,C,Residential,Mid-Range,Low,12,8,Medium,0.12,1.48,Basic,1,0.41,206.46
2BHK,Bangalore,C,Residential,Mid-Range,High,2,46,High,0.62,1.4,Premium,0,0.35,192.92
1BHK,Bangalore,B,Industrial,Affordable,Medium,20,21,Medium,0.9,1.05,Premium,1,0.8,64.54
4BHK,Delhi,A,Commercial,Mid-Range,High,17,22,Medium,0.47,0.91,Basic,1,0.74,447.27
2BHK,Hyderabad,D,Residential,High-End,Low,7,27,Medium,0.87,1.45,Basic,1,0.51,209.6
2BHK,Hyderabad,C,Commercial,Mid-Range,High,16,32,Low,0.15,1.04,Basic,1,0.42,118.02
2BHK,Bangalore,C,Residential,Affordable,High,17,12,High,0.59,1.19,Basic,1,0.43,106.69
4BHK,Hyderabad,B,Residential,Affordable,Low,10,48,Medium,0.46,1.21,Basic,1,0.85,228.29
2BHK,Delhi,B,Residential,Mid-Range,Low,8,1,High,0.48,1.48,Basic,1,0.32,257.87
1BHK,Mumbai,D,Residential,Mid-Range,Low,1,2,Medium,0.74,0.93,Advanced,1,0.81,95.75
2BHK,Bangalore,D,Residential,Mid-Range,Medium,18,26,Medium,0.62,0.88,Basic,1,0.83,109.36
1BHK,Mumbai,C,Residential,High-End,Medium,17,41,Medium,0.19,0.84,Premium,1,0.74,103.28
1BHK,Bangalore,C,Commercial,Mid-Range,Medium,17,50,Medium,0.31,1.23,Basic,1,0.44,107.27
3BHK,Chennai,C,Commercial,Affordable,Low,15,46,Medium,0.29,1.38,Premium,1,0.37,135.33
3BHK,Kolkata,C,Residential,High-End,Medium,6,24,Medium,0.17,0.85,Premium,0,0.26,104.2
3BHK,Hyderabad,C,Residential,Affordable,Medium,6,12,Medium,0.1,1.4,Advanced,1,0.56,121.28
2BHK,Mumbai,C,Residential,Affordable,High,2,39,High,0.62,0.98,Basic,1,0.7,101.97
1BHK,Hyderabad,B,Residential,Affordable,Medium,18,11,Medium,0.31,0.99,Basic,1,0.36,63.26
1BHK,Kolkata,D,Commercial,Affordable,Medium,7,3,Medium,0.56,1.18,Basic,1,0.82,49.51
2BHK,Delhi,A,Industrial,Affordable,Low,20,35,Low,0.74,1.23,Basic,1,0.28,160.45
1BHK,Hyderabad,A,Commercial,High-End,Medium,10,7,High,0.15,1.18,Basic,1,0.3,177.48
3BHK,Kolkata,A,Commercial,Affordable,Low,3,1,Medium,0.16,0.93,Basic,1,0.58,96.88
4BHK,Mumbai,A,Commercial,High-End,Low,2,38,Medium,0.61,1.32,Advanced,0,0.86,1038.38
4BHK,Bangalore,D,Industrial,High-End,Medium,5,49,High,0.25,0.84,Basic,0,0.38,192.39
2BHK,Mumbai,D,Commercial,High-End,Medium,7,29,High,0.84,1.02,Premium,1,0.23,259.81
1BHK,Mumbai,B,Residential,Mid-Range,Medium,2,33,Medium,0.3,1.3,Advanced,0,0.25,147.03
2BHK,Bangalore,B,Residential,High-End,Low,14,41,High,0.57,1.24,Basic,1,0.35,249.91
2BHK,Bangalore,C,Residential,Mid-Range,High,7,22,Medium,0.24,1.07,Premium,1,0.89,123.82
2BHK,Hyderabad,D,Commercial,Mid-Range,Low,12,46,Low,0.12,1.13,Premium,1,0.68,116.4
2BHK,Mumbai,B,Industrial,Mid-Range,Medium,14,49,Low,0.43,0.88,Advanced,1,0.66,123.77
4BHK,Kolkata,C,Commercial,Mid-Range,Medium,11,44,Low,0.51,0.89,Basic,0,0.3,168.84
2BHK,Bangalore,C,Residential,Mid-Range,Medium,14,17,Low,0.27,0.82,Basic,0,0.66,93.66
2BHK,Bangalore,B,Residential,Mid-Range,High,11,9,Medium,0.36,1.44,Premium,1,0.36,193.93
3BHK,Hyderabad,D,Residential,Mid-Range,Medium,12,4,Medium,0.35,0.9,Advanced,0,0.29,107.23
1BHK,Bangalore,C,Industrial,Mid-Range,Medium,14,31,Low,0.3,1.41,Basic,0,0.57,89.88
4BHK,Bangalore,A,Residential,Mid-Range,High,17,34,High,0.56,1.42,Advanced,1,0.83,506.01
2BHK,Delhi,B,Residential,Affordable,High,12,33,Medium,0.49,1.24,Basic,1,0.77,154.88
3BHK,Delhi,C,Commercial,Mid-Range,Low,13,7,Medium,0.5,1.12,Premium,1,0.66,262.44
2BHK,Chennai,D,Residential,High-End,Medium,11,1,High,0.48,1.0,Advanced,1,0.35,113.92
3BHK,Hyderabad,D,Industrial,Mid-Range,Medium,13,31,High,0.34,1.3,Basic,1,0.48,124.34
2BHK,Chennai,C,Residential,Affordable,High,3,38,Medium,0.23,1.08,Basic,1,0.8,63.23
2BHK,Bangalore,C,Residential,Mid-Range,High,19,35,Medium,0.42,1.3,Basic,0,0.68,161.73
1BHK,Chennai,B,Residential,High-End,Medium,8,4,Medium,0.23,1.44,Premium,1,0.77,140.1
1BHK,Hyderabad,B,Residential,Mid-Range,Medium,10,19,High,0.14,1.15,Basic,1,0.49,93.74
2BHK,Bangalore,A,Industrial,Affordable,Low,12,44,Low,0.61,0.84,Basic,0,0.86,81.53
1BHK,Delhi,D,Residential,Mid-Range,Medium,7,39,High,0.31,1.15,Basic,1,0.46,83.54
1BHK,Delhi,A,Residential,Affordable,Medium,14,19,Medium,0.31,1.13,Basic,0,0.36,96.07
2BHK,Hyderabad,D,Residential,Mid-Range,Low,14,41,Low,0.15,1.17,Basic,1,0.39,95.37
2BHK,Chennai,C,Residential,Affordable,Medium,3,33,High,0.61,0.89,Basic,1,0.72,54.42
3BHK,Delhi,B,Residential,Mid-Range,Medium,2,45,High,0.83,1.11,Premium,0,0.65,260.56
2BHK,Bangalore,D,Commercial,Mid-Range,Low,14,45,Low,0.23,1.34,Premium,0,0.77,174.33
2BHK,Kolkata,B,Residential,Affordable,Medium,19,40,Low,0.53,1.23,Premium,1,0.87,81.66
3BHK,Mumbai,C,Residential,Mid-Range,Medium,12,32,Low,0.71,1.24,Advanced,0,0.41,251.4
3BHK,Mumbai,C,Commercial,High-End,Medium,20,17,Medium,0.44,1.27,Advanced,0,0.79,455.53
3BHK,Hyderabad,B,Residential,Mid-Range,Medium,20,12,Low,0.55,0.96,Basic,1,0.35,180.27
2BHK,Kolkata,B,Residential,Mid-Range,Medium,19,42,Medium,0.88,1.17,Premium,1,0.56,113.0
2BHK,Chennai,B,Residential,Mid-Range,Low,2,17,Medium,0.13,1.01,Basic,1,0.34,98.73
2BHK,Chennai,C,Residential,Affordable,Medium,12,50,Medium,0.11,1.34,Basic,0,0.65,79.24
4BHK,Hyderabad,C,Residential,Affordable,Low,10,43,High,0.66,0.97,Basic,1,0.81,150.49
3BHK,Hyderabad,B,Residential,Affordable,Medium,10,3,Low,0.21,0.94,Advanced,1,0.73,100.56
2BHK,Hyderabad,B,Residential,High-End,Medium,19,19,Medium,0.21,1.12,Basic,1,0.37,184.12
2BHK,Hyderabad,A,Residential,Affordable,Medium,11,16,Medium,0.66,0.87,Advanced,1,0.73,100.93
2BHK,Kolkata,D,Residential,Affordable,High,19,36,High,0.34,0.84,Premium,1,0.8,42.07
3BHK,Hyderabad,C,Residential,Affordable,Low,5,22,High,0.66,1.26,Basic,1,0.25,133.44
3BHK,Bangalore,B,Residential,Affordable,High,8,31,Medium,0.26,1.23,Basic,1,0.37,170.43
4BHK,Kolkata,B,Commercial,Mid-Range,Medium,6,26,Medium,0.77,1.31,Advanced,1,0.22,288.33
2BHK,Chennai,A,Commercial,Affordable,High,3,9,Medium,0.68,1.13,Basic,1,0.25,136.89
2BHK,Chennai,C,Residential,Affordable,Medium,10,6,High,0.85,1.32,Basic,1,0.57,89.93
1BHK,Chennai,A,Residential,Affordable,Medium,20,46,Low,0.25,0.86,Basic,1,0.35,50.17
2BHK,Delhi,B,Commercial,Mid-Range,High,8,13,Medium,0.88,1.26,Advanced,1,0.33,288.88
2BHK,Kolkata,C,Commercial,High-End,Medium,5,23,Low,0.64,0.81,Advanced,1,0.77,118.06
4BHK,Mumbai,C,Residential,Mid-Range,Medium,4,8,Low,0.65,1.42,Basic,0,0.79,424.24
2BHK,Hyderabad,D,Commercial,Mid-Range,Medium,2,18,Low,0.16,1.31,Basic,1,0.62,143.5
2BHK,Chennai,B,Commercial,Mid-Range,Medium,15,33,Low,0.35,1.08,Basic,1,0.79,138.18
1BHK,Hyderabad,B,Industrial,Mid-Range,Medium,19,19,High,0.45,1.49,Advanced,0,0.74,105.03
2BHK,Chennai,C,Residential,Affordable,Medium,1,10,Medium,0.44,0.8,Basic,1,0.28,49.03
1BHK,Kolkata,C,Commercial,Affordable,High,4,7,Medium,0.73,1.11,Basic,1,0.65,52.41
2BHK,Kolkata,C,Residential,Affordable,Low,11,46,High,0.45,0.86,Basic,1,0.66,45.65
3BHK,Delhi,B,Residential,Affordable,Low,16,14,High,0.41,1.5,Premium,1,0.8,217.57
2BHK,Mumbai,C,Commercial,Mid-Range,Low,19,46,Medium,0.82,1.16,Premium,1,0.68,245.72
1BHK,Bangalore,C,Residential,Affordable,Medium,16,10,Medium,0.13,1.39,Basic,1,0.72,69.02
1BHK,Bangalore,C,Residential,High-End,Low,16,41,Medium,0.77,0.84,Basic,1,0.85,106.75
4BHK,Chennai,B,Commercial,Mid-Range,Medium,4,4,Low,0.81,1.19,Advanced,0,0.51,368.18
2BHK,Bangalore,C,Industrial,High-End,Low,15,23,High,0.59,1.33,Basic,1,0.72,192.51
2BHK,Kolkata,D,Residential,Mid-Range,Medium,20,24,Low,0.38,1.1,Basic,0,0.5,68.21
1BHK,Bangalore,B,Commercial,Affordable,Medium,3,11,Medium,0.36,0.97,Advanced,1,0.46,81.5
1BHK,Bangalore,D,Residential,Mid-Range,Low,17,45,Medium,0.3,1.18,Advanced,1,0.88,77.42
2BHK,Delhi,D,Commercial,Mid-Range,Medium,1,7,Medium,0.24,1.3,Basic,1,0.22,192.66
1BHK,Mumbai,B,Residential,Mid-Range,Medium,13,39,Medium,0.22,1.47,Advanced,1,0.22,163.12
2BHK,Kolkata,A,Residential,Affordable,Medium,3,5,Medium,0.32,1.03,Basic,1,0.46,78.39
3BHK,Mumbai,B,Industrial,High-End,Medium,12,5,Medium,0.58,1.33,Basic,1,0.88,403.4
2BHK,Mumbai,D,Industrial,Affordable,Low,6,35,Medium,0.62,1.31,Basic,0,0.27,94.07
3BHK,Mumbai,B,Commercial,Affordable,Medium,19,49,Low,0.83,1.3,Basic,1,0.51,282.16
2BHK,Hyderabad,C,Residential,Affordable,Low,12,14,High,0.56,0.99,Basic,1,0.72,78.01
2BHK,Kolkata,B,Residential,Mid-Range,High,12,45,Medium,0.38,1.05,Basic,0,0.22,100.85
3BHK,Hyderabad,B,Residential,Mid-Range,Medium,18,14,Medium,0.18,0.9,Premium,1,0.3,156.62
3BHK,Bangalore,C,Residential,Mid-Range,Medium,1,35,High,0.25,0.93,Premium,0,0.88,141.92
3BHK,Bangalore,C,Residential,High-End,Medium,19,10,High,0.29,1.46,Basic,1,0.5,330.85
4BHK,Bangalore,B,Residential,Affordable,Medium,9,17,Low,0.85,1.18,Basic,1,0.61,261.46
2BHK,Mumbai,C,Residential,Mid-Range,High,8,48,Medium,0.19,0.84,Basic,1,0.55,118.32
2BHK,Hyderabad,C,Residential,Affordable,Medium,14,32,Medium,0.49,1.08,Advanced,1,0.73,84.29
2BHK,Kolkata,B,Residential,Affordable,Low,12,47,Medium,0.25,1.23,Premium,1,0.48,82.5
2BHK,Kolkata,D,Commercial,Affordable,High,13,42,Low,0.44,0.92,Advanced,1,0.46,51.65
2BHK,Delhi,C,Residential,Affordable,Medium,18,14,Medium,0.54,1.01,Premium,1,0.32,107.39
1BHK,Bangalore,B,Residential,Affordable,Low,4,19,High,0.15,1.41,Advanced,1,0.45,86.04
4BHK,Hyderabad,C,Industrial,High-End,Low,8,45,Low,0.74,0.95,Advanced,1,0.63,245.59
2BHK,Hyderabad,B,Industrial,High-End,Low,2,31,Low,0.59,1.1,Advanced,1,0.55,152.88
3BHK,Chennai,A,Residential,Affordable,Low,12,4,Medium,0.25,0.9,Basic,1,0.68,102.12
3BHK,Hyderabad,C,Residential,High-End,Medium,7,2,Low,0.11,1.0,Advanced,1,0.36,198.49
3BHK,Hyderabad,C,Residential,Affordable,High,8,43,Medium,0.75,1.21,Advanced,1,0.77,134.8
1BHK,Bangalore,C,Residential,High-End,Medium,16,5,High,0.22,1.19,Premium,1,0.28,126.83
2BHK,Delhi,C,Residential,High-End,Medium,10,6,Medium,0.4,1.2,Basic,1,0.85,232.2
2BHK,Delhi,B,Residential,High-End,High,15,26,High,0.36,1.47,Advanced,0,0.33,327.34
3BHK,Kolkata,D,Commercial,Affordable,High,15,11,High,0.48,1.45,Basic,0,0.78,117.79
3BHK,Chennai,C,Residential,High-End,Medium,17,46,Medium,0.53,1.08,Basic,1,0.5,198.31
3BHK,Bangalore,B,Commercial,Mid-Range,Medium,9,44,Low,0.24,1.23,Basic,0,0.48,263.67
2BHK,Chennai,A,Residential,Mid-Range,Medium,13,32,Medium,0.39,1.05,Premium,1,0.57,125.12
4BHK,Mumbai,D,Commercial,High-End,Medium,13,23,Low,0.16,1.36,Advanced,1,0.25,562.43
3BHK,Bangalore,C,Residential,Mid-Range,High,2,19,High,0.4,0.96,Basic,1,0.59,142.15
1BHK,Chennai,D,Commercial,Mid-Range,Low,14,39,High,0.25,0.92,Advanced,1,0.86,59.57
2BHK,Hyderabad,C,Residential,Affordable,Medium,15,48,Medium,0.72,1.21,Basic,1,0.24,101.76
2BHK,Mumbai,B,Residential,High-End,Medium,19,14,Low,0.81,0.85,Advanced,1,0.43,233.2
2BHK,Kolkata,A,Residential,Mid-Range,Low,20,19,Medium,0.44,0.89,Premium,0,0.88,95.74
2BHK,Kolkata,B,Residential,Mid-Range,Medium,2,43,Low,0.24,1.01,Basic,1,0.26,82.95
2BHK,Kolkata,C,Residential,Mid-Range,Low,5,2,High,0.53,1.07,Premium,1,0.54,76.46
2BHK,Chennai,C,Industrial,Affordable,High,14,50,Medium,0.84,1.5,Basic,1,0.6,81.97
2BHK,Chennai,D,Commercial,High-End,Medium,11,24,Medium,0.58,1.14,Advanced,1,0.64,151.25
4BHK,Hyderabad,D,Commercial,High-End,Medium,2,11,Medium,0.15,1.15,Basic,1,0.41,340.95
3BHK,Kolkata,B,Residential,Mid-Range,Low,20,31,Medium,0.51,1.0,Basic,1,0.9,125.36
3BHK,Hyderabad,A,Residential,Mid-Range,Medium,3,36,Low,0.16,1.05,Basic,1,0.46,203.13
4BHK,Mumbai,C,Residential,Affordable,High,3,38,High,0.52,1.29,Basic,0,0.74,284.2
3BHK,Hyderabad,C,Commercial,Affordable,Medium,13,5,High,0.34,1.11,Advanced,1,0.35,136.86
3BHK,Chennai,B,Industrial,Mid-Range,High,16,49,Medium,0.53,0.99,Advanced,1,0.55,126.33
1BHK,Kolkata,A,Commercial,Affordable,Medium,16,42,Medium,0.58,1.09,Premium,0,0.73,71.07
2BHK,Delhi,C,Residential,High-End,Low,20,46,Low,0.16,0.83,Advanced,1,0.62,151.3
2BHK,Kolkata,C,Residential,Affordable,Medium,10,2,Low,0.8,1.1,Basic,1,0.51,67.38
1BHK,Kolkata,C,Residential,High-End,Low,12,25,Medium,0.81,1.22,Advanced,1,0.71,103.03
2BHK,Kolkata,A,Commercial,High-End,Low,11,26,Low,0.35,1.44,Basic,1,0.8,275.98
2BHK,Delhi,C,Residential,Affordable,Medium,5,12,Medium,0.19,0.81,Basic,0,0.32,69.99
3BHK,Delhi,C,Residential,Mid-Range,Medium,16,13,High,0.3,1.19,Basic,1,0.31,218.48
1BHK,Chennai,C,Residential,High-End,Medium,19,6,Medium,0.88,1.16,Advanced,1,0.25,117.29
1BHK,Mumbai,B,Residential,Mid-Range,Low,8,8,Medium,0.84,1.35,Basic,0,0.63,184.76
2BHK,Kolkata,C,Residential,High-End,Low,14,39,Medium,0.86,0.84,Basic,1,0.78,97.76
4BHK,Mumbai,C,Commercial,Affordable,Medium,20,24,Low,0.4,0.98,Basic,0,0.81,253.0
2BHK,Delhi,B,Residential,Affordable,High,17,16,High,0.58,1.32,Basic,0,0.41,165.41
1BHK,Bangalore,B,Residential,Affordable,Medium,20,34,High,0.45,0.93,Advanced,1,0.3,59.31
4BHK,Bangalore,D,Residential,Mid-Range,Low,6,10,Medium,0.49,0.96,Basic,1,0.21,204.48
3BHK,Mumbai,C,Residential,Affordable,Medium,6,43,Medium,0.15,1.28,Premium,1,0.79,164.71
1BHK,Kolkata,D,Residential,Affordable,Low,16,4,Medium,0.87,1.12,Basic,1,0.85,41.0
2BHK,Delhi,A,Residential,Affordable,Medium,17,50,Low,0.2,0.84,Basic,1,0.67,115.63
3BHK,Kolkata,C,Residential,Mid-Range,Low,20,17,High,0.46,0.94,Basic,0,0.43,103.55
2BHK,Hyderabad,C,Residential,Affordable,Low,5,20,Medium,0.47,0.82,Premium,1,0.52,63.6
2BHK,Bangalore,C,Residential,Affordable,Low,10,3,Medium,0.32,0.96,Basic,0,0.57,82.24
3BHK,Kolkata,D,Residential,Mid-Range,Medium,2,42,Medium,0.14,0.88,Advanced,1,0.29,78.17
2BHK,Chennai,C,Residential,High-End,Low,11,24,Medium,0.86,1.07,Basic,1,0.6,156.16
2BHK,Bangalore,B,Residential,Mid-Range,Medium,7,28,Low,0.26,1.39,Advanced,0,0.82,187.98
2BHK,Mumbai,A,Industrial,Mid-Range,Medium,4,23,High,0.45,1.37,Basic,0,0.72,227.82
4BHK,Chennai,C,Residential,High-End,Low,11,35,Low,0.66,1.26,Basic,1,0.41,371.8
2BHK,Bangalore,C,Residential,High-End,Low,14,45,Medium,0.21,1.35,Premium,1,0.31,227.18
4BHK,Mumbai,B,Residential,Affordable,Medium,5,5,Low,0.81,0.87,Basic,0,0.63,232.03
1BHK,Mumbai,A,Residential,Mid-Range,Medium,11,17,Medium,0.49,0.94,Basic,0,0.26,129.39
3BHK,Chennai,A,Residential,Mid-Range,Medium,1,11,Medium,0.38,1.28,Basic,0,0.55,241.04
4BHK,Kolkata,B,Residential,Mid-Range,Medium,20,24,High,0.53,0.86,Advanced,1,0.5,152.47
3BHK,Chennai,B,Commercial,Mid-Range,Low,13,28,Medium,0.5,1.06,Premium,0,0.87,181.72
2BHK,Chennai,B,Residential,Mid-Range,Low,8,44,Medium,0.75,1.43,Basic,1,0.74,166.26
1BHK,Delhi,C,Residential,Affordable,Medium,12,21,High,0.65,0.87,Advanced,1,0.2,64.23
2BHK,Kolkata,B,Residential,Affordable,Low,6,21,Medium,0.48,1.3,Basic,1,0.48,90.47
3BHK,Mumbai,A,Commercial,High-End,High,11,4,Medium,0.25,1.03,Advanced,0,0.26,482.21
2BHK,Kolkata,B,Residential,Affordable,Medium,20,50,Low,0.14,0.94,Basic,0,0.42,52.8
3BHK,Mumbai,C,Residential,Mid-Range,Medium,9,31,Medium,0.29,1.1,Premium,1,0.44,198.41
4BHK,Bangalore,C,Residential,Mid-Range,Medium,13,38,Medium,0.14,1.24,Premium,1,0.58,270.44
2BHK,Chennai,A,Industrial,Mid-Range,Medium,1,8,Medium,0.15,1.38,Basic,1,0.21,147.78
1BHK,Chennai,B,Commercial,Mid-Range,High,16,23,Low,0.72,1.22,Premium,0,0.49,128.92
2BHK,Delhi,B,Residential,Mid-Range,Low,19,7,Medium,0.84,0.88,Basic,1,0.87,173.03
3BHK,Mumbai,C,Commercial,Affordable,Medium,5,44,High,0.39,1.12,Basic,1,0.86,202.85
2BHK,Mumbai,C,Residential,Affordable,Medium,19,26,Low,0.67,0.86,Advanced,1,0.87,95.44
2BHK,Hyderabad,D,Residential,Affordable,Medium,3,5,Low,0.2,1.3,Advanced,1,0.84,80.45
3BHK,Hyderabad,A,Commercial,High-End,Medium,19,41,Low,0.85,1.33,Basic,1,0.85,493.54
2BHK,Chennai,B,Industrial,Mid-Range,Medium,7,33,High,0.54,1.2,Basic,1,0.53,105.17
3BHK,Bangalore,B,Residential,Mid-Range,Medium,15,31,Medium,0.39,1.43,Basic,0,0.5,257.05
2BHK,Hyderabad,C,Residential,Mid-Range,Medium,14,34,Medium,0.45,1.49,Advanced,1,0.55,172.57
1BHK,Hyderabad,B,Residential,Affordable,Low,13,17,Medium,0.21,1.33,Basic,0,0.74,80.89
2BHK,Hyderabad,B,Residential,Mid-Range,Medium,14,10,High,0.22,1.09,Advanced,1,0.2,145.21
1BHK,Kolkata,C,Residential,High-End,Low,16,27,Medium,0.75,1.06,Basic,1,0.55,76.76
2BHK,Kolkata,B,Residential,High-End,Medium,20,8,Low,0.53,1.0,Basic,1,0.26,125.82
1BHK,Bangalore,D,Residential,Mid-Range,Medium,4,4,High,0.65,1.24,Advanced,0,0.38,94.71
3BHK,Chennai,B,Residential,Affordable,Medium,20,31,High,0.13,1.4,Advanced,1,0.4,127.33
1BHK,Delhi,B,Residential,Mid-Range,Low,12,5,Medium,0.67,1.17,Advanced,1,0.84,150.77
4BHK,Kolkata,C,Industrial,Affordable,Medium,3,12,Medium,0.69,1.36,Basic,1,0.9,119.01
3BHK,Hyderabad,B,Commercial,Affordable,Low,4,42,Medium,0.84,1.4,Advanced,1,0.64,220.45
4BHK,Bangalore,C,Residential,High-End,Medium,13,36,Medium,0.51,0.94,Basic,0,0.56,332.02
1BHK,Hyderabad,B,Residential,Affordable,Medium,4,37,Medium,0.11,0.99,Premium,1,0.33,55.62
4BHK,Kolkata,D,Commercial,Mid-Range,Low,18,45,Low,0.47,0.85,Premium,0,0.77,149.03
4BHK,Mumbai,B,Residential,Mid-Range,High,12,50,High,0.5,1.39,Premium,0,0.36,539.73
3BHK,Bangalore,A,Residential,Affordable,Low,3,17,Low,0.16,1.42,Advanced,0,0.26,215.38
3BHK,Bangalore,D,Residential,Mid-Range,Medium,19,46,High,0.14,1.38,Basic,1,0.33,200.15
2BHK,Bangalore,A,Commercial,Mid-Range,Medium,16,28,Medium,0.32,1.23,Premium,1,0.5,236.68
4BHK,Bangalore,D,Residential,Affordable,Low,5,1,High,0.43,1.14,Advanced,0,0.55,162.67
2BHK,Bangalore,C,Commercial,Mid-Range,Medium,12,18,Low,0.49,0.96,Basic,1,0.38,154.84
3BHK,Delhi,C,Residential,High-End,Medium,20,48,Low,0.62,1.25,Advanced,0,0.81,313.65
3BHK,Chennai,D,Residential,Affordable,Medium,12,1,Medium,0.54,0.9,Premium,1,0.49,77.28
4BHK,Kolkata,C,Residential,High-End,Low,20,33,Medium,0.7,1.46,Basic,1,0.56,347.4
2BHK,Mumbai,C,Residential,Affordable,Medium,9,49,Low,0.8,1.47,Premium,1,0.28,174.94
3BHK,Hyderabad,A,Residential,Affordable,Low,12,29,Medium,0.48,1.31,Advanced,1,0.62,179.03
3BHK,Bangalore,C,Residential,High-End,Low,9,40,Medium,0.77,1.42,Premium,1,0.74,370.38
2BHK,Mumbai,B,Residential,Mid-Range,Low,11,46,Low,0.86,0.94,Advanced,0,0.76,198.26
4BHK,Bangalore,A,Residential,Affordable,Medium,16,9,High,0.32,1.12,Basic,0,0.3,251.36
3BHK,Hyderabad,C,Residential,Affordable,Medium,20,11,Low,0.49,1.31,Basic,0,0.35,136.62
3BHK,Chennai,B,Residential,High-End,Medium,16,36,Medium,0.28,1.34,Premium,0,0.32,256.04
2BHK,Delhi,B,Residential,Mid-Range,Medium,5,23,Medium,0.63,1.09,Basic,0,0.31,208.35
2BHK,Kolkata,B,Residential,High-End,Medium,18,46,Medium,0.55,1.22,Advanced,0,0.4,165.45
2BHK,Delhi,C,Residential,High-End,Medium,15,2,High,0.52,1.23,Advanced,1,0.26,258.52
4BHK,Delhi,B,Residential,Affordable,Low,18,37,High,0.42,1.21,Basic,1,0.61,258.23
2BHK,Mumbai,C,Residential,Affordable,High,20,12,Medium,0.37,0.86,Advanced,0,0.53,86.12
3BHK,Kolkata,B,Commercial,Affordable,Medium,1,35,Medium,0.24,1.13,Basic,1,0.67,111.37
2BHK,Delhi,C,Residential,Affordable,Medium,18,28,Medium,0.7,1.02,Advanced,1,0.85,106.79
1BHK,Hyderabad,D,Commercial,Mid-Range,Medium,4,5,Low,0.48,1.04,Basic,1,0.37,85.42
4BHK,Hyderabad,C,Commercial,Affordable,Low,10,32,Medium,0.11,1.34,Basic,0,0.24,215.77
3BHK,Chennai,B,Commercial,High-End,Medium,14,3,High,0.55,1.02,Basic,0,0.89,286.98
2BHK,Mumbai,D,Commercial,Affordable,Medium,12,32,High,0.61,0.88,Advanced,1,0.36,102.52
1BHK,Kolkata,D,Residential,High-End,Low,6,24,Medium,0.53,1.36,Premium,1,0.2,88.99
3BHK,Hyderabad,A,Residential,Affordable,Medium,19,41,Low,0.33,1.36,Basic,1,0.87,198.26
1BHK,Chennai,C,Commercial,High-End,High,17,47,Medium,0.68,0.9,Basic,1,0.68,95.11
3BHK,Bangalore,C,Residential,Mid-Range,Medium,13,31,High,0.41,1.37,Basic,1,0.38,242.77
3BHK,Kolkata,B,Residential,Mid-Range,Low,8,44,Low,0.88,1.11,Advanced,1,0.28,153.78
3BHK,Hyderabad,C,Residential,Mid-Range,Medium,17,23,High,0.51,1.32,Basic,0,0.74,208.39
3BHK,Mumbai,C,Residential,Affordable,Medium,18,37,Medium,0.56,1.39,Advanced,1,0.67,206.8
3BHK,Kolkata,C,Residential,Affordable,Medium,1,35,Medium,0.44,0.98,Basic,1,0.86,67.81
2BHK,Delhi,B,Residential,Mid-Range,Medium,19,27,Low,0.82,0.9,Advanced,1,0.24,167.38
2BHK,Mumbai,C,Commercial,High-End,High,19,27,Medium,0.11,1.45,Advanced,0,0.6,336.07
1BHK,Kolkata,A,Residential,High-End,Low,1,4,High,0.31,1.29,Basic,1,0.77,138.66
1BHK,Chennai,C,Residential,Affordable,Medium,20,13,Low,0.47,0.96,Basic,1,0.56,42.25
2BHK,Hyderabad,C,Residential,Mid-Range,High,18,30,Medium,0.33,1.23,Basic,1,0.81,139.33
2BHK,Kolkata,C,Residential,Affordable,Medium,9,39,Low,0.19,1.18,Premium,1,0.81,54.58
3BHK,Delhi,B,Residential,Mid-Range,High,3,31,Medium,0.55,1.31,Premium,1,0.85,313.25
1BHK,Hyderabad,B,Commercial,High-End,Medium,18,50,High,0.62,1.11,Advanced,1,0.79,165.99
3BHK,Chennai,C,Residential,Mid-Range,High,9,4,High,0.79,1.41,Premium,1,0.47,204.99
3BHK,Kolkata,B,Residential,Affordable,Low,20,24,Low,0.44,0.85,Premium,0,0.48,68.49
3BHK,Bangalore,C,Residential,Mid-Range,Medium,17,25,Medium,0.89,1.0,Advanced,1,0.55,198.75
1BHK,Chennai,C,Commercial,High-End,Medium,19,33,Medium,0.1,1.5,Advanced,0,0.37,154.02
3BHK,Mumbai,D,Commercial,Affordable,Medium,20,19,High,0.29,0.98,Advanced,0,0.55,138.3
2BHK,Bangalore,D,Residential,Mid-Range,Medium,6,13,High,0.86,1.35,Basic,0,0.86,176.88
2BHK,Mumbai,D,Commercial,Affordable,High,7,22,Low,0.55,0.99,Advanced,1,0.3,126.8
3BHK,Delhi,C,Residential,Mid-Range,Low,13,49,High,0.48,1.15,Basic,1,0.3,203.78
4BHK,Kolkata,C,Residential,High-End,Medium,16,24,Medium,0.11,1.09,Advanced,0,0.48,227.43
3BHK,Bangalore,C,Residential,Mid-Range,Medium,8,41,Low,0.49,1.45,Premium,0,0.43,241.74
3BHK,Chennai,C,Industrial,Mid-Range,Low,20,45,High,0.74,1.46,Basic,1,0.89,144.36
2BHK,Delhi,D,Residential,Affordable,Medium,12,26,Medium,0.45,0.97,Basic,0,0.64,84.04
3BHK,Chennai,C,Residential,Mid-Range,Medium,8,10,Medium,0.33,1.36,Basic,1,0.58,151.09
3BHK,Kolkata,A,Residential,Mid-Range,High,8,37,Medium,0.59,1.0,Advanced,1,0.2,157.34
2BHK,Mumbai,C,Residential,Mid-Range,High,20,22,Medium,0.82,1.05,Advanced,1,0.48,179.54
2BHK,Hyderabad,C,Commercial,Affordable,Low,13,3,Low,0.34,1.27,Basic,0,0.48,114.16
3BHK,Delhi,D,Residential,Affordable,Medium,13,4,High,0.46,1.13,Premium,0,0.69,124.99
3BHK,Kolkata,D,Residential,High-End,High,2,36,Low,0.72,0.85,Premium,1,0.6,120.03
4BHK,Delhi,C,Residential,Affordable,Low,8,6,Low,0.13,1.0,Advanced,0,0.84,193.71
1BHK,Bangalore,D,Commercial,Mid-Range,Medium,12,14,Medium,0.66,1.32,Basic,1,0.33,131.89
3BHK,Delhi,C,Residential,Affordable,Low,3,21,High,0.64,1.21,Advanced,1,0.2,165.49
3BHK,Chennai,B,Residential,Mid-Range,Medium,12,15,Low,0.3,1.47,Basic,1,0.56,212.55
2BHK,Kolkata,C,Residential,Mid-Range,Medium,4,33,High,0.73,1.05,Basic,1,0.4,88.8
1BHK,Bangalore,C,Commercial,Affordable,Low,19,11,Medium,0.23,1.1,Basic,1,0.67,66.63
1BHK,Mumbai,C,Residential,High-End,Low,5,9,High,0.31,1.0,Advanced,1,0.23,138.05
1BHK,Delhi,C,Industrial,High-End,High,9,13,Low,0.69,1.41,Advanced,0,0.82,159.54
2BHK,Mumbai,B,Industrial,Affordable,Medium,2,35,Medium,0.62,0.96,Advanced,1,0.47,101.44
4BHK,Hyderabad,C,Residential,High-End,Medium,14,24,Low,0.26,1.22,Advanced,1,0.36,382.59
2BHK,Mumbai,B,Residential,High-End,Low,14,5,Low,0.77,1.12,Basic,1,0.78,293.07
4BHK,Chennai,D,Residential,Affordable,Low,12,32,Medium,0.87,0.99,Basic,0,0.67,129.3
1BHK,Kolkata,B,Residential,Mid-Range,Medium,20,43,Medium,0.5,0.83,Basic,1,0.42,54.03
3BHK,Mumbai,D,Residential,Affordable,Low,18,24,High,0.46,1.47,Premium,1,0.48,190.0
2BHK,Delhi,C,Residential,Affordable,Low,4,39,High,0.89,1.05,Basic,1,0.36,121.08
3BHK,Bangalore,C,Commercial,Mid-Range,Low,3,30,High,0.76,0.83,Basic,1,0.3,175.22
3BHK,Hyderabad,B,Residential,Mid-Range,Low,16,18,Low,0.31,1.11,Premium,1,0.75,192.5
1BHK,Kolkata,B,Residential,High-End,Low,15,6,Medium,0.44,1.36,Basic,0,0.87,119.55
1BHK,Kolkata,B,Residential,Mid-Range,Medium,18,45,High,0.28,1.47,Basic,1,0.44,88.5
4BHK,Chennai,A,Industrial,Affordable,Medium,9,23,High,0.76,0.9,Advanced,1,0.69,139.38
2BHK,Delhi,C,Residential,Affordable,Low,10,49,Low,0.25,1.2,Basic,1,0.66,103.91
2BHK,Hyderabad,C,Residential,Mid-Range,Medium,3,42,Low,0.4,1.38,Advanced,1,0.47,137.42
1BHK,Hyderabad,B,Residential,Mid-Range,High,4,15,Medium,0.85,1.12,Basic,1,0.34,102.48
2BHK,Hyderabad,C,Commercial,Mid-Range,Medium,18,39,High,0.69,1.23,Advanced,1,0.37,183.08
2BHK,Delhi,B,Commercial,Affordable,High,17,43,Low,0.29,1.43,Basic,1,0.48,179.67
2BHK,Chennai,C,Residential,Affordable,High,16,2,Medium,0.85,1.3,Premium,1,0.76,84.63
2BHK,Bangalore,C,Residential,Affordable,Low,13,34,Medium,0.17,1.1,Advanced,1,0.32,89.37
3BHK,Kolkata,B,Residential,Affordable,Medium,5,16,Low,0.43,1.43,Advanced,1,0.22,125.94
2BHK,Mumbai,D,Residential,Affordable,Medium,18,14,Medium,0.15,0.91,Basic,1,0.41,72.32
3BHK,Chennai,C,Commercial,Affordable,Low,19,1,Medium,0.26,1.35,Basic,1,0.3,133.63
2BHK,Bangalore,B,Residential,Mid-Range,Medium,20,40,High,0.5,1.22,Premium,1,0.62,196.51
2BHK,Chennai,C,Commercial,Affordable,High,17,42,Medium,0.29,1.4,Advanced,0,0.69,99.87
4BHK,Hyderabad,C,Commercial,Mid-Range,Low,8,19,Medium,0.29,0.88,Basic,1,0.6,223.05
3BHK,Hyderabad,B,Residential,Affordable,Medium,11,8,Medium,0.89,1.33,Premium,1,0.35,187.24
2BHK,Hyderabad,C,Residential,Mid-Range,Medium,6,41,Medium,0.48,1.04,Advanced,1,0.74,110.88
1BHK,Kolkata,D,Residential,Mid-Range,Low,1,47,Medium,0.13,1.49,Premium,1,0.24,60.61
1BHK,Hyderabad,D,Commercial,Mid-Range,Medium,6,24,Low,0.73,1.2,Basic,0,0.84,91.54
2BHK,Bangalore,D,Residential,Affordable,Low,18,25,Low,0.31,1.14,Basic,1,0.3,86.2
2BHK,Delhi,A,Residential,Affordable,Medium,12,44,High,0.44,0.96,Basic,1,0.34,143.03
3BHK,Chennai,C,Residential,Affordable,Medium,19,25,High,0.75,1.45,Premium,1,0.22,128.02
1BHK,Kolkata,C,Residential,Affordable,Medium,5,39,Medium,0.57,0.84,Basic,0,0.87,30.33
3BHK,Delhi,C,Residential,High-End,Medium,2,46,Medium,0.42,1.42,Basic,0,0.38,385.15
4BHK,Mumbai,C,Residential,Mid-Range,Medium,8,38,Medium,0.32,1.44,Premium,0,0.63,432.04
2BHK,Chennai,C,Residential,Affordable,Low,12,32,Medium,0.56,1.5,Advanced,0,0.75,102.39
3BHK,Chennai,B,Commercial,High-End,Medium,8,11,High,0.73,1.31,Advanced,1,0.82,380.05
3BHK,Delhi,C,Commercial,High-End,Low,7,24,Medium,0.21,0.92,Premium,1,0.85,288.01
2BHK,Chennai,D,Residential,Mid-Range,Medium,19,46,High,0.31,1.27,Advanced,1,0.49,107.58
1BHK,Chennai,B,Residential,Affordable,High,1,38,High,0.86,1.03,Basic,0,0.31,61.4
4BHK,Bangalore,C,Residential,Mid-Range,Low,1,39,Medium,0.64,1.36,Advanced,1,0.29,327.43
3BHK,Hyderabad,B,Residential,Mid-Range,Low,20,34,High,0.27,0.94,Advanced,0,0.25,169.21
2BHK,Mumbai,C,Residential,Affordable,Medium,9,27,Low,0.54,0.9,Advanced,0,0.88,108.12
3BHK,Hyderabad,D,Commercial,Mid-Range,High,20,15,High,0.62,1.01,Basic,0,0.53,176.17
2BHK,Delhi,C,Residential,Affordable,High,13,22,Medium,0.24,0.92,Advanced,0,0.45,82.94
3BHK,Delhi,A,Residential,High-End,High,6,41,Medium,0.86,1.16,Basic,1,0.38,506.36
3BHK,Bangalore,B,Commercial,Affordable,Medium,15,33,Low,0.47,1.22,Basic,0,0.68,188.48
1BHK,Mumbai,D,Residential,Affordable,Medium,8,41,Low,0.82,1.1,Premium,1,0.53,72.79
1BHK,Chennai,D,Residential,Mid-Range,Medium,10,29,Low,0.19,1.44,Advanced,0,0.63,67.93
3BHK,Delhi,B,Commercial,Mid-Range,High,13,48,Low,0.54,0.92,Basic,0,0.23,248.54
1BHK,Mumbai,A,Residential,Mid-Range,Medium,5,5,Low,0.22,0.84,Basic,1,0.63,117.1
3BHK,Delhi,B,Residential,Mid-Range,High,1,34,Low,0.17,1.02,Basic,0,0.39,213.96
2BHK,Chennai,C,Residential,Affordable,Low,4,24,Low,0.13,1.45,Premium,1,0.61,87.54
2BHK,Delhi,D,Residential,High-End,Medium,13,16,Low,0.76,1.15,Basic,0,0.62,205.44
2BHK,Chennai,B,Commercial,Affordable,High,1,25,High,0.12,0.94,Premium,0,0.5,89.03
1BHK,Kolkata,B,Residential,Mid-Range,Low,11,39,Medium,0.49,0.9,Advanced,1,0.39,55.3
2BHK,Bangalore,B,Commercial,Affordable,Medium,9,23,Medium,0.37,0.82,Advanced,1,0.69,99.39
1BHK,Mumbai,B,Residential,Affordable,High,1,27,Medium,0.9,1.11,Basic,1,0.4,118.69
2BHK,Kolkata,B,Residential,High-End,Medium,20,2,Medium,0.37,1.34,Basic,1,0.52,180.53
4BHK,Delhi,C,Commercial,Affordable,Low,14,46,Low,0.13,1.13,Advanced,0,0.56,257.47
3BHK,Kolkata,D,Residential,Affordable,Medium,19,21,Medium,0.81,1.44,Premium,1,0.79,91.43
2BHK,Delhi,C,Residential,Affordable,Medium,3,8,Medium,0.79,1.22,Advanced,1,0.47,137.0
3BHK,Kolkata,C,Commercial,High-End,Medium,7,29,Medium,0.79,1.43,Basic,1,0.37,256.87
1BHK,Delhi,D,Residential,Affordable,Medium,14,19,Medium,0.48,0.85,Basic,1,0.6,53.01
3BHK,Mumbai,C,Residential,Affordable,Medium,8,46,Medium,0.71,1.01,Basic,0,0.88,150.32
2BHK,Chennai,B,Commercial,Mid-Range,Medium,2,47,Low,0.22,1.23,Basic,0,0.39,161.42
3BHK,Delhi,B,Residential,Affordable,Medium,14,50,Medium,0.21,1.44,Basic,1,0.24,224.84
2BHK,Mumbai,A,Residential,Mid-Range,Medium,2,26,Low,0.75,1.07,Basic,1,0.63,270.23
3BHK,Hyderabad,B,Residential,Mid-Range,Medium,5,35,High,0.12,1.15,Basic,0,0.33,177.86
2BHK,Hyderabad,A,Residential,Affordable,Medium,19,43,Low,0.78,1.07,Basic,1,0.44,132.71
2BHK,Chennai,C,Residential,High-End,Low,9,21,Medium,0.66,1.39,Advanced,0,0.41,175.33
1BHK,Mumbai,C,Residential,Affordable,Medium,6,45,Medium,0.2,0.97,Advanced,1,0.63,59.06
3BHK,Kolkata,C,Residential,Mid-Range,Medium,8,23,Low,0.55,1.34,Basic,1,0.28,130.99
2BHK,Chennai,B,Industrial,Affordable,Medium,10,18,Low,0.48,1.48,Basic,1,0.84,100.75
1BHK,Bangalore,B,Commercial,High-End,Medium,14,19,Medium,0.21,0.86,Premium,0,0.76,132.12
2BHK,Chennai,B,Industrial,Affordable,Medium,9,3,Medium,0.24,1.04,Premium,1,0.9,59.08
2BHK,Kolkata,C,Residential,Affordable,Low,13,35,High,0.12,1.1,Basic,0,0.29,52.72
2BHK,Delhi,D,Industrial,Affordable,Low,3,6,Low,0.34,0.91,Advanced,1,0.86,58.14
3BHK,Chennai,B,Residential,Affordable,Low,15,34,Medium,0.81,0.95,Basic,1,0.38,106.91
2BHK,Delhi,B,Residential,High-End,High,3,48,High,0.59,1.24,Basic,1,0.43,282.54
3BHK,Bangalore,B,Residential,Mid-Range,Low,9,30,Low,0.25,1.33,Basic,1,0.31,231.34
1BHK,Hyderabad,D,Residential,Affordable,Low,4,34,Medium,0.39,1.46,Premium,0,0.43,58.62
2BHK,Delhi,C,Commercial,High-End,Low,15,46,High,0.61,0.86,Advanced,1,0.4,219.33
2BHK,Mumbai,C,Industrial,Affordable,High,2,13,Medium,0.87,1.41,Advanced,0,0.21,147.5
3BHK,Delhi,D,Residential,Affordable,High,17,25,Medium,0.35,1.37,Basic,1,0.33,158.83
3BHK,Hyderabad,B,Residential,Affordable,Medium,10,17,Medium,0.27,0.95,Basic,1,0.41,115.26
1BHK,Mumbai,A,Residential,High-End,High,14,33,High,0.18,1.1,Basic,1,0.34,196.67
3BHK,Hyderabad,C,Residential,Mid-Range,High,2,17,Medium,0.42,1.27,Basic,0,0.84,186.47
3BHK,Hyderabad,A,Residential,Affordable,Medium,3,6,Low,0.66,1.14,Advanced,0,0.31,178.1
1BHK,Mumbai,D,Industrial,Mid-Range,High,18,22,Medium,0.37,1.14,Advanced,1,0.85,87.76
2BHK,Chennai,D,Residential,High-End,Low,17,28,Low,0.88,1.18,Basic,1,0.54,141.65
2BHK,Delhi,B,Commercial,Affordable,Low,1,12,Medium,0.46,0.9,Basic,1,0.46,130.04
3BHK,Mumbai,B,Residential,Affordable,Medium,7,35,Medium,0.29,1.24,Basic,1,0.56,210.33
1BHK,Chennai,B,Residential,Affordable,Medium,19,41,Medium,0.14,1.05,Premium,0,0.38,53.18
1BHK,Kolkata,C,Residential,High-End,Medium,8,2,Medium,0.7,1.13,Advanced,0,0.23,79.99
1BHK,Kolkata,C,Residential,Mid-Range,Low,16,12,Medium,0.49,1.06,Basic,1,0.47,55.38
3BHK,Kolkata,B,Residential,Mid-Range,Low,13,3,Medium,0.87,1.34,Basic,1,0.35,201.58
3BHK,Kolkata,C,Residential,Mid-Range,Low,16,3,Low,0.64,0.87,Basic,1,0.44,85.67
2BHK,Bangalore,B,Industrial,Affordable,High,10,8,Medium,0.2,1.43,Basic,1,0.33,112.49
2BHK,Hyderabad,D,Commercial,Mid-Range,High,14,25,Medium,0.37,1.5,Premium,1,0.2,165.98
1BHK,Mumbai,D,Residential,Mid-Range,Medium,11,8,High,0.67,1.43,Basic,1,0.47,143.59
3BHK,Chennai,D,Residential,Affordable,High,11,16,Low,0.36,1.0,Basic,1,0.71,73.3
3BHK,Mumbai,C,Commercial,Mid-Range,Medium,20,26,Low,0.65,1.43,Basic,1,0.39,370.9
2BHK,Chennai,B,Residential,Affordable,Low,7,19,Low,0.74,0.94,Basic,1,0.9,77.68
3BHK,Mumbai,C,Residential,Affordable,High,14,4,Low,0.52,0.97,Basic,1,0.88,140.82
3BHK,Hyderabad,D,Residential,Mid-Range,Medium,20,11,High,0.72,1.16,Basic,0,0.66,167.68
2BHK,Bangalore,C,Residential,Affordable,Low,5,29,Low,0.26,1.22,Advanced,0,0.49,90.59
2BHK,Hyderabad,C,Residential,High-End,Low,13,21,Medium,0.69,0.91,Basic,1,0.71,135.28
3BHK,Mumbai,C,Residential,Mid-Range,Low,15,18,Low,0.63,0.87,Advanced,1,0.76,177.34
2BHK,Kolkata,C,Residential,Affordable,Low,13,28,Low,0.26,1.4,Premium,0,0.25,74.89
1BHK,Hyderabad,C,Residential,Affordable,Low,17,8,Medium,0.3,1.24,Advanced,1,0.78,60.38
2BHK,Hyderabad,C,Industrial,Affordable,Medium,13,22,Medium,0.45,0.81,Advanced,0,0.58,45.74
4BHK,Delhi,B,Residential,Mid-Range,High,18,33,Low,0.38,1.14,Basic,0,0.45,405.67
4BHK,Bangalore,D,Residential,High-End,High,13,24,High,0.82,0.85,Premium,1,0.58,293.12
2BHK,Mumbai,B,Residential,Mid-Range,Medium,20,46,High,0.82,1.31,Basic,1,0.48,282.43
3BHK,Mumbai,D,Commercial,Mid-Range,Medium,8,25,Medium,0.3,0.96,Advanced,1,0.68,213.12
3BHK,Delhi,B,Commercial,Affordable,Medium,17,25,Medium,0.75,0.83,Basic,0,0.26,183.94
3BHK,Chennai,B,Residential,High-End,Low,14,10,Low,0.16,1.18,Premium,1,0.55,233.94
3BHK,Mumbai,A,Residential,Mid-Range,Medium,16,36,Medium,0.73,1.02,Advanced,0,0.22,337.66
1BHK,Bangalore,A,Residential,Mid-Range,Low,15,22,Low,0.28,1.06,Basic,0,0.31,122.8
1BHK,Hyderabad,A,Commercial,Mid-Range,Medium,13,22,Medium,0.45,0.96,Basic,0,0.49,120.37
2BHK,Bangalore,B,Residential,Mid-Range,Low,2,24,High,0.57,1.31,Advanced,0,0.39,211.19
1BHK,Bangalore,C,Residential,Affordable,Low,1,15,Medium,0.49,0.85,Premium,0,0.88,48.04
4BHK,Chennai,C,Residential,Affordable,High,17,34,Medium,0.31,1.1,Advanced,1,0.43,140.05
2BHK,Kolkata,D,Residential,Affordable,Low,8,27,Low,0.17,1.04,Advanced,1,0.48,41.86
3BHK,Chennai,C,Residential,Affordable,Medium,17,7,Medium,0.1,0.92,Advanced,1,0.68,77.04
3BHK,Hyderabad,D,Residential,Affordable,Low,18,45,Medium,0.78,0.96,Advanced,0,0.29,99.08
2BHK,Chennai,C,Commercial,High-End,High,8,22,Medium,0.77,0.82,Basic,1,0.39,141.85
3BHK,Chennai,C,Residential,Mid-Range,High,19,6,High,0.16,0.83,Advanced,1,0.29,99.81
1BHK,Chennai,D,Residential,Mid-Range,High,14,43,High,0.46,0.86,Basic,1,0.36,44.96
2BHK,Mumbai,D,Residential,Affordable,Medium,3,36,Low,0.3,0.94,Advanced,1,0.6,85.63
2BHK,Bangalore,B,Industrial,Affordable,High,9,29,Low,0.34,1.04,Advanced,1,0.45,88.98
3BHK,Chennai,A,Residential,Mid-Range,Low,2,27,Medium,0.28,1.13,Basic,1,0.68,208.52
2BHK,Chennai,C,Residential,Mid-Range,Medium,12,42,Medium,0.11,1.19,Premium,1,0.65,91.44
2BHK,Chennai,C,Residential,Affordable,Medium,2,17,High,0.54,1.4,Premium,1,0.23,93.8
3BHK,Kolkata,D,Industrial,Affordable,Low,8,3,Medium,0.86,1.02,Basic,0,0.69,58.51
1BHK,Bangalore,C,Residential,High-End,Low,16,20,Low,0.78,1.3,Advanced,0,0.88,161.18
2BHK,Hyderabad,D,Residential,Affordable,Low,5,50,Medium,0.17,1.39,Advanced,1,0.67,85.67
1BHK,Bangalore,C,Residential,Mid-Range,Medium,12,19,Medium,0.55,1.35,Advanced,1,0.45,103.85
3BHK,Kolkata,B,Residential,Mid-Range,Medium,18,15,Low,0.12,1.26,Basic,1,0.45,135.77
3BHK,Hyderabad,B,Residential,High-End,Medium,3,5,Medium,0.25,1.34,Basic,0,0.77,310.04
1BHK,Mumbai,A,Industrial,High-End,Medium,13,29,Medium,0.4,0.83,Premium,1,0.86,141.08
3BHK,Bangalore,C,Residential,Affordable,High,4,6,Medium,0.3,1.47,Basic,0,0.28,159.35
2BHK,Kolkata,B,Residential,High-End,High,3,26,Medium,0.75,1.02,Basic,1,0.5,134.85
2BHK,Bangalore,A,Residential,Mid-Range,High,12,12,Medium,0.52,0.85,Premium,1,0.47,152.75
1BHK,Kolkata,C,Residential,Affordable,High,7,50,Low,0.61,1.39,Advanced,0,0.22,56.27
2BHK,Hyderabad,C,Residential,Mid-Range,Medium,18,49,Low,0.32,0.82,Premium,0,0.42,79.77
2BHK,Chennai,C,Residential,Mid-Range,Medium,4,3,High,0.32,1.33,Basic,1,0.83,121.05
1BHK,Mumbai,C,Residential,Affordable,Medium,18,15,Low,0.34,1.13,Basic,1,0.38,79.9
4BHK,Bangalore,D,Residential,Mid-Range,Medium,15,22,Low,0.52,0.96,Premium,1,0.45,232.55
2BHK,Bangalore,C,Residential,Mid-Range,Medium,5,43,Low,0.77,1.27,Premium,1,0.37,162.95
3BHK,Hyderabad,A,Residential,Mid-Range,Low,19,29,High,0.4,1.33,Basic,0,0.21,270.43
1BHK,Chennai,B,Commercial,High-End,Medium,1,31,Medium,0.17,1.13,Basic,0,0.75,129.71
3BHK,Mumbai,C,Commercial,Affordable,Low,14,26,Medium,0.35,1.41,Advanced,0,0.58,225.53
4BHK,Mumbai,A,Residential,Affordable,Low,12,28,High,0.66,0.91,Basic,1,0.45,305.99
3BHK,Mumbai,B,Residential,Mid-Range,Medium,9,2,Low,0.21,1.45,Basic,1,0.27,309.74
2BHK,Chennai,B,Residential,Mid-Range,Medium,2,40,High,0.56,0.85,Basic,1,0.43,103.83
3BHK,Mumbai,A,Residential,Affordable,High,3,5,Low,0.83,1.04,Advanced,1,0.36,241.27
4BHK,Mumbai,C,Commercial,High-End,High,12,14,Medium,0.59,1.11,Basic,1,0.84,552.52
4BHK,Mumbai,D,Residential,Affordable,Medium,18,46,Low,0.27,0.83,Advanced,1,0.35,157.5
3BHK,Bangalore,C,Residential,Affordable,Medium,16,15,Medium,0.69,1.08,Advanced,0,0.65,125.29
3BHK,Delhi,B,Residential,Affordable,Medium,18,6,Medium,0.27,0.88,Basic,1,0.34,144.72
1BHK,Mumbai,D,Residential,Affordable,High,17,21,Medium,0.86,1.06,Basic,1,0.61,80.32
3BHK,Delhi,C,Residential,Affordable,Low,16,33,Low,0.18,0.89,Premium,1,0.4,105.09
3BHK,Bangalore,B,Industrial,High-End,Low,20,17,Medium,0.39,1.06,Advanced,1,0.85,222.57
2BHK,Chennai,C,Commercial,Mid-Range,High,5,34,Medium,0.15,1.41,Premium,1,0.83,152.33
3BHK,Kolkata,C,Residential,High-End,Medium,11,48,High,0.72,1.44,Basic,1,0.5,204.99
3BHK,Chennai,D,Commercial,Affordable,High,11,37,High,0.22,1.2,Basic,0,0.57,100.68
1BHK,Mumbai,B,Industrial,Affordable,Medium,3,16,High,0.64,1.0,Premium,1,0.62,71.85
3BHK,Mumbai,C,Residential,Mid-Range,Medium,9,19,Low,0.32,0.81,Advanced,0,0.27,158.78
1BHK,Delhi,A,Residential,Mid-Range,Low,1,38,High,0.67,1.37,Advanced,1,0.65,179.67
1BHK,Delhi,B,Commercial,Mid-Range,Low,12,34,High,0.39,0.99,Advanced,1,0.72,131.95
3BHK,Delhi,C,Commercial,High-End,Medium,13,17,Medium,0.39,1.46,Basic,0,0.69,450.7
1BHK,Mumbai,D,Residential,High-End,Medium,2,20,Medium,0.33,1.32,Premium,1,0.61,167.57
2BHK,Chennai,B,Residential,Affordable,High,18,17,Medium,0.43,0.83,Advanced,1,0.26,65.62
2BHK,Mumbai,B,Residential,Affordable,Medium,4,30,Medium,0.18,0.87,Advanced,1,0.77,99.51
4BHK,Bangalore,C,Residential,Mid-Range,Medium,20,49,Medium,0.71,1.04,Premium,1,0.42,257.27
2BHK,Bangalore,C,Industrial,Affordable,Medium,17,16,Medium,0.76,1.03,Advanced,0,0.71,73.13
3BHK,Kolkata,C,Residential,Mid-Range,Medium,1,47,Medium,0.25,1.2,Basic,0,0.4,117.39
2BHK,Delhi,C,Residential,High-End,Low,13,46,Low,0.33,1.04,Premium,1,0.79,186.29
2BHK,Chennai,B,Industrial,High-End,Low,1,14,Medium,0.51,1.09,Premium,1,0.58,147.65
3BHK,Chennai,C,Commercial,Affordable,Low,9,21,Low,0.61,0.96,Premium,1,0.28,108.72
1BHK,Bangalore,A,Commercial,Mid-Range,Low,4,30,Medium,0.61,1.08,Advanced,0,0.47,153.47
2BHK,Kolkata,C,Residential,High-End,Medium,20,13,Low,0.8,0.86,Basic,1,0.84,102.36
2BHK,Mumbai,D,Commercial,Mid-Range,Medium,6,36,Medium,0.3,1.3,Basic,1,0.23,192.81
3BHK,Delhi,C,Industrial,High-End,Low,9,29,Medium,0.77,0.98,Basic,1,0.79,208.68
2BHK,Mumbai,B,Residential,High-End,Low,2,20,Medium,0.56,1.18,Advanced,1,0.65,340.21
2BHK,Kolkata,B,Residential,High-End,Low,20,39,Low,0.33,1.13,Basic,0,0.73,154.72
2BHK,Mumbai,C,Commercial,Affordable,Medium,16,28,Medium,0.43,0.94,Basic,1,0.4,129.45
2BHK,Mumbai,A,Residential,Affordable,Medium,13,39,Low,0.18,1.04,Basic,0,0.74,144.8
2BHK,Delhi,B,Residential,Mid-Range,Low,5,33,Low,0.32,0.95,Premium,1,0.65,166.54
3BHK,Kolkata,C,Commercial,Mid-Range,Medium,2,50,Medium,0.43,1.41,Premium,0,0.81,167.31
1BHK,Kolkata,C,Residential,Mid-Range,High,13,13,Medium,0.21,1.33,Advanced,1,0.4,63.28
3BHK,Kolkata,D,Commercial,Mid-Range,Low,20,24,Medium,0.75,0.91,Basic,0,0.42,111.37
2BHK,Bangalore,C,Commercial,Affordable,High,1,21,High,0.21,0.97,Premium,1,0.56,96.78
1BHK,Bangalore,D,Commercial,Mid-Range,High,9,3,Medium,0.53,0.81,Advanced,1,0.36,72.2
3BHK,Chennai,B,Residential,Affordable,Medium,2,44,High,0.28,0.84,Premium,1,0.43,85.96
3BHK,Hyderabad,A,Residential,Affordable,Low,12,20,Medium,0.21,1.19,Basic,1,0.56,150.9
2BHK,Bangalore,B,Residential,Affordable,Medium,8,44,Low,0.56,0.84,Basic,1,0.59,82.91
3BHK,Kolkata,B,Residential,Mid-Range,Low,9,18,High,0.38,1.17,Basic,0,0.59,133.31
4BHK,Delhi,C,Residential,Affordable,Medium,19,16,High,0.55,1.06,Premium,1,0.75,216.88
2BHK,Chennai,C,Residential,High-End,Medium,6,6,Medium,0.22,1.48,Premium,0,0.2,172.75
2BHK,Mumbai,C,Commercial,Affordable,Medium,8,25,Medium,0.66,1.49,Basic,1,0.75,202.58
3BHK,Mumbai,B,Residential,Mid-Range,Low,16,36,High,0.64,1.19,Basic,1,0.52,284.14
2BHK,Bangalore,A,Commercial,Affordable,Low,4,22,Low,0.68,1.39,Advanced,1,0.46,234.13
2BHK,Mumbai,C,Residential,Affordable,Low,5,36,High,0.89,1.1,Advanced,1,0.3,127.88
3BHK,Bangalore,D,Residential,Affordable,Low,6,11,Medium,0.66,1.37,Basic,1,0.4,140.49
2BHK,Chennai,D,Commercial,Affordable,Medium,15,41,Medium,0.62,1.41,Premium,1,0.37,97.51
2BHK,Bangalore,A,Residential,Affordable,Medium,2,4,Medium,0.33,0.88,Advanced,1,0.2,114.01
2BHK,Delhi,B,Residential,High-End,Medium,9,14,Medium,0.59,0.85,Advanced,1,0.7,214.28
4BHK,Mumbai,C,Commercial,Affordable,Medium,4,49,High,0.31,1.49,Advanced,1,0.72,334.34
3BHK,Hyderabad,C,Commercial,Affordable,High,6,47,Medium,0.85,1.42,Advanced,1,0.79,183.95
2BHK,Mumbai,D,Residential,Mid-Range,High,7,43,Medium,0.65,1.32,Basic,1,0.74,183.04
1BHK,Hyderabad,A,Commercial,High-End,Medium,16,30,Medium,0.87,1.13,Advanced,1,0.2,224.95
1BHK,Chennai,B,Residential,Affordable,High,1,15,Low,0.64,0.87,Basic,0,0.25,50.03
1BHK,Delhi,B,Industrial,High-End,Medium,5,48,Low,0.6,0.99,Advanced,0,0.46,124.79
1BHK,Mumbai,C,Residential,Affordable,High,2,2,Medium,0.24,1.38,Advanced,0,0.41,99.95
3BHK,Mumbai,C,Residential,Affordable,Low,10,16,Medium,0.88,1.38,Premium,1,0.37,219.72
3BHK,Bangalore,B,Residential,High-End,Low,7,11,Medium,0.56,1.44,Basic,1,0.57,425.59
1BHK,Bangalore,A,Residential,Affordable,Low,4,32,Low,0.17,0.98,Basic,1,0.9,75.07
1BHK,Chennai,C,Residential,Mid-Range,High,6,37,Low,0.84,0.89,Basic,1,0.41,54.7
2BHK,Chennai,C,Residential,Affordable,Medium,20,40,High,0.13,0.99,Basic,1,0.49,56.31
4BHK,Chennai,B,Commercial,Affordable,Medium,19,22,Medium,0.37,1.27,Advanced,1,0.75,216.83
3BHK,Bangalore,C,Residential,High-End,Medium,12,2,Low,0.21,1.46,Basic,0,0.63,302.93
3BHK,Bangalore,B,Commercial,Mid-Range,Medium,7,7,High,0.58,0.95,Advanced,1,0.79,227.03
2BHK,Mumbai,B,Commercial,Affordable,Low,7,20,Low,0.51,0.86,Basic,0,0.89,148.34
2BHK,Kolkata,C,Residential,Affordable,Low,1,26,Low,0.2,1.36,Basic,1,0.28,61.32
3BHK,Bangalore,B,Residential,Mid-Range,High,18,14,Low,0.17,0.81,Basic,1,0.76,155.29
2BHK,Hyderabad,C,Residential,Mid-Range,Medium,4,23,High,0.8,1.08,Basic,1,0.88,138.76
2BHK,Bangalore,D,Commercial,Affordable,High,7,6,High,0.12,1.42,Basic,1,0.34,107.74
3BHK,Bangalore,D,Residential,High-End,Medium,12,32,Low,0.68,0.84,Advanced,1,0.62,199.09
4BHK,Chennai,C,Commercial,High-End,Low,5,45,Low,0.27,0.91,Basic,1,0.41,257.57
2BHK,Bangalore,C,Residential,Mid-Range,Medium,12,16,Medium,0.4,0.86,Basic,1,0.75,112.72
2BHK,Mumbai,B,Industrial,High-End,Medium,11,18,Low,0.3,0.93,Basic,1,0.85,197.6
4BHK,Mumbai,B,Residential,High-End,Medium,4,41,Medium,0.76,1.22,Premium,0,0.73,629.3
2BHK,Chennai,D,Commercial,High-End,Medium,15,42,High,0.55,0.83,Advanced,1,0.81,110.36
1BHK,Bangalore,D,Commercial,Mid-Range,Low,3,43,Medium,0.27,1.3,Basic,1,0.41,111.58
3BHK,Mumbai,C,Residential,Mid-Range,Low,10,41,Medium,0.52,1.1,Advanced,1,0.63,240.43
3BHK,Mumbai,A,Residential,Mid-Range,High,10,27,Medium,0.68,0.83,Basic,0,0.77,261.22
2BHK,Mumbai,C,Residential,Affordable,Low,15,49,Low,0.2,1.35,Premium,1,0.76,140.85
2BHK,Bangalore,A,Commercial,Mid-Range,Medium,19,6,Medium,0.1,1.23,Basic,0,0.49,232.08
2BHK,Kolkata,D,Residential,Mid-Range,Medium,15,46,Low,0.37,1.16,Premium,1,0.35,74.77
2BHK,Kolkata,C,Commercial,Affordable,High,7,3,Medium,0.24,1.2,Premium,1,0.35,75.59
2BHK,Mumbai,C,Residential,Mid-Range,Medium,16,45,Medium,0.84,1.16,Advanced,0,0.32,181.97
2BHK,Hyderabad,A,Residential,Affordable,Low,17,2,Low,0.6,1.05,Advanced,1,0.72,126.11
2BHK,Mumbai,C,Residential,Mid-Range,High,12,28,Medium,0.65,1.03,Advanced,1,0.36,177.53
3BHK,Chennai,B,Residential,Mid-Range,Low,2,10,High,0.9,1.28,Premium,0,0.82,216.57
3BHK,Mumbai,A,Residential,Mid-Range,Medium,11,42,Medium,0.69,1.12,Advanced,1,0.57,378.25
1BHK,Delhi,C,Residential,High-End,High,17,48,Medium,0.39,1.2,Basic,1,0.76,153.58
1BHK,Kolkata,C,Residential,Affordable,Low,16,45,Low,0.3,1.47,Basic,1,0.77,49.79
3BHK,Hyderabad,B,Residential,Affordable,Medium,3,13,Low,0.73,1.08,Basic,1,0.67,129.53
3BHK,Delhi,C,Residential,Affordable,Medium,2,27,Low,0.76,1.23,Premium,1,0.77,169.41
3BHK,Kolkata,B,Residential,High-End,Medium,7,35,Low,0.5,1.08,Basic,1,0.37,199.09
1BHK,Delhi,C,Residential,Affordable,High,13,36,High,0.62,1.38,Advanced,1,0.36,90.25
2BHK,Delhi,D,Residential,Affordable,Medium,16,1,Medium,0.62,1.32,Basic,0,0.53,112.69
4BHK,Kolkata,B,Residential,Mid-Range,Low,13,21,Medium,0.32,1.29,Basic,1,0.79,248.83
4BHK,Chennai,B,Residential,Mid-Range,Medium,20,8,Low,0.85,1.21,Basic,1,0.69,304.78
2BHK,Kolkata,B,Residential,Mid-Range,Low,19,48,Medium,0.22,1.44,Advanced,1,0.25,117.57
1BHK,Chennai,D,Residential,Mid-Range,Medium,11,39,Low,0.57,1.26,Basic,0,0.65,66.37
3BHK,Kolkata,B,Residential,Affordable,Low,4,13,Low,0.26,0.87,Basic,1,0.87,78.71
3BHK,Hyderabad,B,Commercial,High-End,High,5,16,Low,0.4,1.4,Basic,0,0.72,384.16
3BHK,Chennai,B,Industrial,Affordable,Low,5,13,Medium,0.41,1.25,Advanced,0,0.82,110.48
2BHK,Delhi,A,Residential,Mid-Range,Low,18,50,Medium,0.65,1.2,Advanced,1,0.87,261.02
4BHK,Bangalore,C,Residential,Affordable,Medium,7,39,Medium,0.3,1.3,Basic,0,0.59,226.71
3BHK,Chennai,D,Residential,Mid-Range,Medium,3,17,Low,0.64,0.82,Advanced,1,0.57,101.52
2BHK,Hyderabad,C,Residential,Mid-Range,Medium,16,42,Medium,0.7,1.05,Premium,1,0.24,123.66
3BHK,Mumbai,A,Residential,High-End,Medium,7,39,Medium,0.59,0.9,Basic,0,0.37,360.92
2BHK,Chennai,B,Residential,Mid-Range,Medium,12,26,High,0.46,0.85,Advanced,1,0.76,104.5
3BHK,Hyderabad,B,Residential,Mid-Range,High,14,26,High,0.81,0.94,Advanced,1,0.65,196.09
1BHK,Delhi,B,Residential,High-End,Low,6,28,Low,0.6,1.38,Basic,0,0.89,220.53
2BHK,Delhi,A,Commercial,High-End,Medium,3,47,Low,0.39,1.2,Premium,1,0.87,413.79
3BHK,Chennai,C,Industrial,Affordable,High,19,36,High,0.83,0.99,Basic,1,0.79,80.51
2BHK,Bangalore,C,Residential,Affordable,Medium,17,29,Medium,0.58,1.47,Advanced,1,0.37,124.02
3BHK,Chennai,B,Commercial,Mid-Range,Medium,17,24,Low,0.89,0.86,Basic,1,0.64,170.73
3BHK,Bangalore,B,Commercial,Mid-Range,Medium,17,32,Low,0.1,0.98,Premium,1,0.7,228.08
2BHK,Chennai,B,Residential,Mid-Range,High,7,39,Low,0.38,1.29,Basic,0,0.37,135.54
2BHK,Chennai,B,Commercial,Affordable,Medium,7,36,Low,0.79,0.84,Premium,1,0.63,92.83
2BHK,Bangalore,A,Residential,Mid-Range,Low,19,36,High,0.14,1.04,Advanced,0,0.66,173.55
4BHK,Delhi,B,Residential,Affordable,High,19,8,Medium,0.38,1.28,Basic,1,0.42,267.26
3BHK,Bangalore,B,Commercial,Mid-Range,High,7,47,Low,0.41,0.93,Advanced,1,0.5,239.62
2BHK,Delhi,C,Residential,Mid-Range,High,9,5,Low,0.84,1.44,Premium,1,0.84,236.92
2BHK,Mumbai,C,Residential,Mid-Range,Medium,3,50,High,0.34,1.18,Basic,1,0.41,182.0
2BHK,Mumbai,A,Residential,High-End,Medium,1,8,High,0.27,1.13,Basic,1,0.47,344.85
2BHK,Hyderabad,B,Residential,Affordable,High,13,10,Medium,0.83,1.31,Basic,0,0.74,125.34
2BHK,Chennai,D,Residential,Affordable,Low,3,9,Medium,0.5,0.8,Basic,1,0.84,50.02
2BHK,Hyderabad,B,Residential,Mid-Range,Medium,3,30,Low,0.5,0.82,Basic,1,0.58,113.37
2BHK,Mumbai,B,Residential,Mid-Range,Medium,8,16,Medium,0.72,1.3,Premium,0,0.32,283.34
3BHK,Delhi,D,Residential,Affordable,Low,8,17,Medium,0.57,1.25,Advanced,1,0.56,151.98
2BHK,Bangalore,D,Residential,Mid-Range,Low,9,22,Medium,0.73,1.27,Advanced,1,0.26,162.38
3BHK,Hyderabad,B,Residential,Mid-Range,Medium,20,11,Low,0.85,1.43,Advanced,1,0.41,280.36
1BHK,Bangalore,D,Residential,Affordable,Medium,10,23,Medium,0.37,1.32,Basic,1,0.59,59.39
2BHK,Kolkata,C,Industrial,Mid-Range,Medium,11,5,Medium,0.84,0.81,Basic,1,0.23,55.81
3BHK,Delhi,D,Residential,Mid-Range,High,5,24,Medium,0.25,1.07,Basic,1,0.35,149.23
2BHK,Chennai,D,Residential,High-End,Medium,16,32,High,0.59,0.84,Basic,1,0.77,102.02
4BHK,Hyderabad,B,Commercial,High-End,Low,12,25,Medium,0.1,1.37,Basic,1,0.68,578.26
1BHK,Delhi,B,Residential,Mid-Range,Medium,17,19,Low,0.58,1.37,Basic,1,0.72,173.5
2BHK,Mumbai,C,Residential,Affordable,High,17,38,Medium,0.65,1.49,Advanced,0,0.58,172.59
2BHK,Chennai,D,Residential,Mid-Range,High,7,50,Low,0.73,1.06,Basic,1,0.34,94.28
2BHK,Chennai,C,Residential,Mid-Range,Low,20,34,Medium,0.76,0.88,Basic,0,0.38,82.98
3BHK,Mumbai,C,Residential,Mid-Range,Low,1,3,Medium,0.43,1.41,Basic,1,0.76,296.73
2BHK,Chennai,C,Residential,High-End,Medium,14,40,Low,0.58,1.49,Basic,0,0.75,207.48
3BHK,Delhi,D,Commercial,Mid-Range,Medium,17,31,Medium,0.83,0.8,Basic,1,0.51,183.01
1BHK,Mumbai,B,Commercial,Mid-Range,Medium,19,32,Low,0.71,0.95,Premium,0,0.63,136.97
3BHK,Hyderabad,B,Commercial,Mid-Range,Medium,10,33,Medium,0.31,1.06,Advanced,1,0.37,207.08
1BHK,Kolkata,D,Residential,Mid-Range,Medium,8,10,Medium,0.68,1.23,Basic,0,0.49,63.14
3BHK,Bangalore,C,Residential,Mid-Range,Medium,1,6,Medium,0.82,1.1,Advanced,0,0.28,193.55
3BHK,Delhi,D,Residential,Affordable,Medium,15,18,Low,0.36,1.19,Basic,1,0.49,141.04
3BHK,Delhi,D,Residential,Mid-Range,Medium,4,8,High,0.17,0.86,Premium,0,0.71,122.14
3BHK,Kolkata,C,Residential,Mid-Range,Medium,2,22,Low,0.24,1.2,Advanced,1,0.83,126.83
4BHK,Delhi,C,Residential,High-End,High,11,39,Medium,0.64,0.94,Basic,0,0.35,357.47
2BHK,Hyderabad,C,Residential,Mid-Range,Low,9,5,Medium,0.83,0.96,Basic,1,0.71,106.19
2BHK,Bangalore,A,Residential,High-End,Low,19,22,Medium,0.18,0.94,Basic,1,0.37,210.89
1BHK,Hyderabad,D,Industrial,Mid-Range,Low,8,16,Medium,0.64,1.31,Basic,0,0.49,66.32
1BHK,Delhi,B,Commercial,Affordable,Low,2,38,Medium,0.48,1.09,Advanced,1,0.63,107.43
1BHK,Hyderabad,C,Residential,High-End,High,16,3,High,0.54,1.21,Basic,1,0.64,128.77
2BHK,Delhi,D,Commercial,Affordable,Low,18,25,Medium,0.71,0.8,Advanced,1,0.26,85.36
1BHK,Kolkata,C,Commercial,High-End,Medium,1,48,Low,0.8,1.49,Basic,0,0.51,129.55
2BHK,Kolkata,C,Residential,High-End,Low,9,16,Medium,0.17,1.43,Advanced,0,0.51,154.32
3BHK,Delhi,C,Residential,Mid-Range,Medium,13,1,High,0.44,0.93,Advanced,0,0.25,166.02
2BHK,Kolkata,D,Residential,Mid-Range,Medium,13,22,Low,0.12,1.34,Basic,1,0.55,84.67
3BHK,Hyderabad,C,Residential,Affordable,Low,9,46,Low,0.82,1.24,Basic,0,0.48,149.14
4BHK,Hyderabad,D,Residential,Affordable,Low,6,31,Low,0.28,1.24,Basic,1,0.43,155.16
3BHK,Hyderabad,C,Residential,Mid-Range,High,17,14,Low,0.66,1.1,Advanced,1,0.29,174.91
3BHK,Mumbai,D,Residential,Affordable,High,3,5,Medium,0.79,0.92,Premium,1,0.66,137.25
2BHK,Delhi,B,Residential,Mid-Range,High,19,40,Medium,0.22,0.9,Premium,0,0.89,143.18
2BHK,Kolkata,D,Industrial,Affordable,Medium,20,17,Medium,0.64,0.89,Basic,0,0.45,34.39
2BHK,Bangalore,A,Commercial,Mid-Range,High,11,4,Low,0.89,1.36,Advanced,1,0.81,350.7
4BHK,Delhi,A,Residential,Affordable,High,19,48,High,0.52,1.15,Basic,1,0.52,314.8
3BHK,Hyderabad,D,Residential,High-End,High,17,13,Low,0.56,1.04,Basic,1,0.68,191.51
3BHK,Hyderabad,C,Residential,Affordable,Medium,17,16,Low,0.65,1.13,Basic,1,0.33,124.45
4BHK,Bangalore,B,Residential,Affordable,Medium,1,2,High,0.18,0.81,Premium,1,0.89,157.83
2BHK,Bangalore,C,Commercial,Affordable,High,19,24,Medium,0.27,1.13,Basic,1,0.44,108.04
2BHK,Kolkata,C,Commercial,Affordable,Low,16,21,Medium,0.56,1.35,Premium,1,0.62,93.47
3BHK,Kolkata,C,Commercial,High-End,Medium,14,36,Medium,0.51,1.48,Basic,0,0.63,255.15
2BHK,Delhi,B,Residential,Affordable,Medium,15,5,Medium,0.5,1.46,Premium,0,0.86,168.49
1BHK,Kolkata,B,Commercial,Affordable,Low,14,40,Medium,0.32,1.47,Advanced,0,0.84,74.33
1BHK,Delhi,C,Residential,Mid-Range,Medium,12,1,Low,0.15,0.88,Basic,0,0.6,78.61
1BHK,Bangalore,C,Residential,High-End,Medium,4,47,High,0.81,1.07,Basic,0,0.32,145.28
3BHK,Kolkata,B,Residential,High-End,Low,19,2,Low,0.81,0.99,Basic,1,0.71,181.15
3BHK,Bangalore,C,Residential,Mid-Range,Medium,4,3,Medium,0.17,0.84,Premium,0,0.41,115.49
1BHK,Kolkata,C,Residential,Affordable,Low,7,47,High,0.11,0.9,Premium,1,0.62,32.06
2BHK,Mumbai,C,Commercial,Mid-Range,Medium,10,48,Low,0.58,0.85,Premium,1,0.36,156.51
3BHK,Chennai,C,Commercial,High-End,Medium,18,34,High,0.87,1.28,Basic,1,0.46,276.08
4BHK,Mumbai,C,Commercial,Affordable,Medium,9,23,Medium,0.12,1.14,Advanced,1,0.21,272.66
4BHK,Delhi,C,Residential,Mid-Range,Medium,8,47,Medium,0.41,1.49,Basic,1,0.73,407.61
2BHK,Mumbai,B,Residential,Mid-Range,Medium,15,4,Medium,0.34,1.14,Premium,1,0.33,213.17
2BHK,Kolkata,D,Residential,High-End,Medium,9,17,Low,0.4,0.89,Advanced,0,0.61,77.02
3BHK,Kolkata,C,Residential,Mid-Range,Medium,9,30,Medium,0.74,0.85,Premium,1,0.77,90.72
2BHK,Delhi,B,Residential,Mid-Range,Medium,20,10,Low,0.45,1.47,Basic,1,0.42,227.21
2BHK,Delhi,B,Residential,Mid-Range,Medium,7,49,Low,0.17,1.26,Advanced,1,0.8,185.24
2BHK,Chennai,C,Industrial,Mid-Range,High,15,11,Medium,0.77,1.0,Basic,1,0.32,76.36
2BHK,Delhi,D,Residential,Affordable,Low,1,2,Medium,0.87,1.27,Premium,1,0.86,109.61
2BHK,Mumbai,C,Residential,Affordable,Medium,14,10,Low,0.63,1.1,Basic,1,0.84,124.36
2BHK,Hyderabad,A,Commercial,High-End,Low,19,35,Medium,0.12,1.27,Basic,1,0.72,314.26
3BHK,Delhi,D,Residential,Affordable,High,2,14,Medium,0.22,1.11,Basic,1,0.28,118.42
3BHK,Bangalore,D,Residential,Affordable,Medium,15,25,High,0.27,1.48,Advanced,1,0.54,139.33
1BHK,Mumbai,C,Residential,Mid-Range,Medium,1,44,Low,0.59,1.15,Basic,1,0.55,128.63
3BHK,Delhi,B,Commercial,Mid-Range,Low,20,42,Medium,0.28,1.18,Premium,1,0.35,327.12
2BHK,Delhi,A,Residential,Affordable,Medium,10,31,Medium,0.53,0.82,Basic,1,0.62,106.04
2BHK,Hyderabad,D,Residential,Mid-Range,Medium,18,10,Medium,0.1,0.85,Basic,1,0.83,73.48
2BHK,Hyderabad,D,Industrial,Mid-Range,Low,6,9,Low,0.6,1.32,Premium,1,0.36,98.82
3BHK,Mumbai,C,Commercial,Mid-Range,High,5,8,High,0.88,1.31,Basic,1,0.28,353.39
1BHK,Mumbai,B,Residential,Mid-Range,High,19,23,Medium,0.82,1.36,Basic,0,0.62,180.25
1BHK,Bangalore,C,Residential,Mid-Range,Medium,8,16,Medium,0.45,0.8,Basic,1,0.22,66.6
2BHK,Kolkata,B,Residential,Affordable,Medium,14,28,Medium,0.32,0.9,Advanced,1,0.22,58.2
3BHK,Chennai,D,Residential,Mid-Range,Low,19,48,Medium,0.48,1.44,Premium,0,0.6,157.17
2BHK,Hyderabad,C,Residential,Affordable,Low,19,50,Low,0.55,1.12,Premium,1,0.73,81.4
1BHK,Bangalore,C,Industrial,Affordable,High,13,43,High,0.14,0.87,Premium,1,0.42,33.96
2BHK,Kolkata,C,Commercial,Mid-Range,Low,11,11,Low,0.43,1.47,Premium,1,0.51,147.45
3BHK,Kolkata,B,Industrial,Mid-Range,Medium,20,14,Medium,0.13,1.03,Basic,1,0.65,88.87
2BHK,Chennai,C,Residential,Mid-Range,Medium,1,35,Medium,0.38,1.49,Basic,1,0.39,141.18
3BHK,Bangalore,D,Commercial,Mid-Range,High,10,17,Medium,0.68,1.33,Advanced,0,0.62,264.84
1BHK,Chennai,B,Residential,Mid-Range,Medium,8,34,Medium,0.46,1.21,Basic,0,0.85,82.87
1BHK,Bangalore,A,Industrial,Mid-Range,Low,11,27,Medium,0.82,0.98,Basic,1,0.71,103.19
2BHK,Hyderabad,B,Commercial,High-End,Medium,14,34,Low,0.51,1.05,Basic,1,0.59,239.56
